user_id,feature_name,times_used
1,Trainer Chat,11
1,Reminders,14
1,Progress Tracking,36
1,Meal Plan,17
1,Workout Videos,41
2,Progress Tracking,14
2,Reminders,32
2,Meal Plan,48
2,Workout Videos,24
3,Reminders,15
4,Meal Plan,1
4,Trainer Chat,27
4,Reminders,19
4,Progress Tracking,47
4,Workout Videos,2
5,Reminders,37
5,Meal Plan,47
6,Progress Tracking,49
7,Meal Plan,40
7,Trainer Chat,49
8,Reminders,25
8,Workout Videos,16
8,Trainer Chat,31
8,Progress Tracking,37
9,Meal Plan,17
9,Workout Videos,49
9,Progress Tracking,43
10,Trainer Chat,33
11,Meal Plan,18
11,Reminders,17
11,Progress Tracking,42
12,Reminders,15
12,Trainer Chat,23
13,Trainer Chat,32
13,Reminders,11
14,Progress Tracking,43
14,Reminders,39
14,Trainer Chat,7
14,Workout Videos,15
15,Reminders,12
15,Trainer Chat,25
15,Meal Plan,31
15,Progress Tracking,11
15,Workout Videos,28
16,Trainer Chat,20
16,Workout Videos,41
16,Meal Plan,28
16,Reminders,49
17,Progress Tracking,47
18,Progress Tracking,21
18,Reminders,28
18,Workout Videos,30
18,Trainer Chat,19
19,Workout Videos,2
19,Meal Plan,45
19,Trainer Chat,12
19,Progress Tracking,50
20,Reminders,8
21,Reminders,46
21,Workout Videos,6
21,Progress Tracking,14
21,Meal Plan,10
21,Trainer Chat,11
22,Reminders,39
22,Workout Videos,37
22,Meal Plan,5
23,Trainer Chat,21
23,Reminders,20
23,Meal Plan,12
24,Reminders,40
24,Meal Plan,9
24,Workout Videos,7
24,Progress Tracking,7
24,Trainer Chat,47
25,Trainer Chat,23
25,Meal Plan,26
25,Progress Tracking,17
26,Trainer Chat,27
26,Meal Plan,5
26,Progress Tracking,20
26,Workout Videos,45
26,Reminders,29
27,Progress Tracking,26
27,Reminders,7
27,Trainer Chat,21
27,Meal Plan,23
27,Workout Videos,40
28,Meal Plan,39
29,Progress Tracking,31
29,Meal Plan,13
29,Workout Videos,26
29,Trainer Chat,14
30,Meal Plan,25
30,Workout Videos,42
31,Trainer Chat,48
31,Meal Plan,7
31,Progress Tracking,6
31,Workout Videos,3
31,Reminders,46
32,Trainer Chat,38
33,Trainer Chat,20
33,Progress Tracking,23
33,Reminders,4
34,Meal Plan,8
34,Reminders,33
35,Meal Plan,29
35,Progress Tracking,32
35,Reminders,9
35,Workout Videos,4
35,Trainer Chat,50
36,Meal Plan,48
37,Meal Plan,26
37,Reminders,36
37,Workout Videos,1
37,Progress Tracking,21
38,Progress Tracking,6
38,Workout Videos,6
38,Reminders,4
38,Meal Plan,24
38,Trainer Chat,39
39,Workout Videos,31
39,Trainer Chat,31
39,Reminders,16
39,Progress Tracking,36
39,Meal Plan,30
40,Progress Tracking,45
40,Trainer Chat,25
40,Meal Plan,41
41,Meal Plan,48
41,Trainer Chat,45
41,Workout Videos,9
41,Reminders,12
42,Trainer Chat,29
42,Reminders,14
42,Progress Tracking,27
42,Meal Plan,40
43,Reminders,36
43,Meal Plan,48
44,Workout Videos,17
44,Progress Tracking,45
45,Workout Videos,44
45,Meal Plan,23
46,Workout Videos,5
46,Trainer Chat,27
46,Meal Plan,6
47,Progress Tracking,40
48,Trainer Chat,1
48,Meal Plan,48
48,Workout Videos,6
49,Trainer Chat,40
49,Progress Tracking,35
49,Meal Plan,4
49,Workout Videos,15
49,Reminders,36
50,Meal Plan,1
50,Reminders,42
50,Workout Videos,39
50,Progress Tracking,1
51,Workout Videos,48
51,Meal Plan,17
52,Workout Videos,27
52,Meal Plan,1
53,Progress Tracking,46
54,Progress Tracking,48
54,Reminders,10
54,Workout Videos,6
55,Meal Plan,42
56,Workout Videos,33
56,Trainer Chat,9
56,Meal Plan,2
57,Progress Tracking,4
58,Meal Plan,9
58,Trainer Chat,5
58,Workout Videos,21
58,Reminders,49
59,Trainer Chat,38
59,Reminders,20
59,Progress Tracking,17
59,Workout Videos,12
59,Meal Plan,27
60,Trainer Chat,22
60,Meal Plan,41
61,Progress Tracking,25
62,Workout Videos,44
62,Reminders,9
62,Progress Tracking,24
62,Trainer Chat,28
63,Progress Tracking,16
63,Trainer Chat,27
63,Meal Plan,15
63,Reminders,30
64,Workout Videos,25
64,Trainer Chat,26
65,Reminders,14
65,Workout Videos,12
65,Progress Tracking,2
65,Meal Plan,25
65,Trainer Chat,26
66,Meal Plan,23
66,Workout Videos,34
66,Reminders,15
66,Progress Tracking,39
66,Trainer Chat,16
67,Reminders,28
67,Progress Tracking,3
67,Meal Plan,35
68,Reminders,29
68,Meal Plan,20
69,Progress Tracking,46
69,Workout Videos,48
69,Reminders,27
69,Trainer Chat,22
69,Meal Plan,6
70,Progress Tracking,5
70,Workout Videos,9
70,Trainer Chat,26
70,Reminders,34
70,Meal Plan,2
71,Reminders,10
71,Meal Plan,28
71,Trainer Chat,15
71,Progress Tracking,37
71,Workout Videos,32
72,Reminders,10
73,Meal Plan,22
73,Trainer Chat,39
74,Trainer Chat,10
74,Meal Plan,46
74,Workout Videos,22
74,Progress Tracking,20
74,Reminders,34
75,Workout Videos,15
75,Trainer Chat,44
75,Meal Plan,9
76,Meal Plan,8
77,Trainer Chat,35
77,Meal Plan,42
77,Workout Videos,10
78,Reminders,36
78,Progress Tracking,27
78,Trainer Chat,46
79,Meal Plan,11
79,Progress Tracking,18
79,Workout Videos,2
80,Meal Plan,27
81,Trainer Chat,32
82,Meal Plan,37
82,Reminders,36
82,Trainer Chat,9
82,Progress Tracking,10
82,Workout Videos,17
83,Meal Plan,34
83,Reminders,49
83,Workout Videos,8
84,Reminders,50
84,Progress Tracking,20
84,Workout Videos,24
84,Meal Plan,21
85,Progress Tracking,30
85,Trainer Chat,42
85,Reminders,12
86,Workout Videos,1
86,Reminders,14
86,Trainer Chat,37
87,Meal Plan,6
87,Progress Tracking,6
87,Workout Videos,38
88,Reminders,50
88,Trainer Chat,8
88,Progress Tracking,12
89,Progress Tracking,37
89,Reminders,20
90,Meal Plan,5
90,Workout Videos,20
90,Progress Tracking,43
90,Reminders,16
90,Trainer Chat,11
91,Workout Videos,29
91,Trainer Chat,22
91,Meal Plan,3
91,Progress Tracking,38
91,Reminders,28
92,Trainer Chat,10
92,Progress Tracking,8
92,Workout Videos,26
92,Meal Plan,19
92,Reminders,37
93,Reminders,18
94,Progress Tracking,6
95,Meal Plan,38
95,Workout Videos,36
95,Trainer Chat,19
95,Reminders,26
96,Workout Videos,34
97,Workout Videos,39
98,Reminders,35
98,Trainer Chat,19
99,Trainer Chat,9
99,Progress Tracking,12
100,Trainer Chat,45
100,Reminders,22
101,Progress Tracking,10
101,Trainer Chat,10
101,Reminders,38
102,Progress Tracking,24
102,Meal Plan,48
102,Reminders,31
103,Progress Tracking,40
103,Meal Plan,7
103,Workout Videos,15
103,Trainer Chat,35
103,Reminders,39
104,Meal Plan,22
104,Workout Videos,35
105,Progress Tracking,50
105,Trainer Chat,35
105,Reminders,40
106,Progress Tracking,24
107,Workout Videos,44
107,Meal Plan,2
107,Reminders,19
107,Progress Tracking,48
108,Workout Videos,47
108,Meal Plan,24
108,Progress Tracking,50
109,Trainer Chat,2
109,Workout Videos,21
110,Workout Videos,17
111,Workout Videos,32
111,Progress Tracking,47
111,Trainer Chat,33
112,Workout Videos,35
112,Reminders,27
112,Meal Plan,49
112,Trainer Chat,26
113,Progress Tracking,3
113,Reminders,15
113,Trainer Chat,6
113,Meal Plan,14
114,Progress Tracking,46
114,Reminders,44
114,Meal Plan,47
114,Trainer Chat,48
114,Workout Videos,43
115,Meal Plan,18
115,Reminders,9
116,Reminders,35
116,Trainer Chat,42
117,Meal Plan,14
117,Trainer Chat,16
117,Progress Tracking,6
118,Workout Videos,43
118,Trainer Chat,24
119,Reminders,20
119,Workout Videos,39
119,Trainer Chat,10
120,Progress Tracking,49
120,Meal Plan,1
120,Workout Videos,50
120,Reminders,28
121,Progress Tracking,26
121,Meal Plan,26
121,Reminders,17
122,Workout Videos,30
123,Trainer Chat,42
123,Workout Videos,14
124,Progress Tracking,30
124,Meal Plan,15
124,Workout Videos,49
124,Reminders,41
125,Workout Videos,21
125,Meal Plan,7
125,Reminders,21
126,Workout Videos,45
127,Progress Tracking,32
127,Trainer Chat,31
127,Workout Videos,36
127,Reminders,48
127,Meal Plan,3
128,Trainer Chat,2
128,Meal Plan,37
128,Progress Tracking,28
128,Workout Videos,48
128,Reminders,2
129,Trainer Chat,40
129,Reminders,37
129,Workout Videos,18
130,Trainer Chat,32
130,Workout Videos,40
130,Meal Plan,2
130,Reminders,49
130,Progress Tracking,2
131,Progress Tracking,44
131,Trainer Chat,30
131,Workout Videos,36
131,Meal Plan,24
132,Progress Tracking,28
132,Workout Videos,19
133,Progress Tracking,46
133,Trainer Chat,47
133,Meal Plan,42
134,Meal Plan,45
134,Trainer Chat,50
134,Progress Tracking,36
134,Workout Videos,26
134,Reminders,31
135,Meal Plan,30
135,Workout Videos,22
135,Trainer Chat,34
135,Progress Tracking,21
135,Reminders,50
136,Meal Plan,47
136,Reminders,46
137,Workout Videos,20
137,Trainer Chat,45
138,Workout Videos,45
138,Progress Tracking,33
139,Workout Videos,48
139,Progress Tracking,42
139,Reminders,46
139,Trainer Chat,46
139,Meal Plan,20
140,Progress Tracking,41
140,Workout Videos,42
140,Trainer Chat,29
140,Meal Plan,33
141,Workout Videos,16
141,Reminders,18
141,Progress Tracking,32
141,Trainer Chat,22
141,Meal Plan,32
142,Trainer Chat,38
143,Progress Tracking,3
143,Reminders,31
143,Trainer Chat,50
143,Meal Plan,28
143,Workout Videos,18
144,Meal Plan,41
144,Reminders,45
144,Trainer Chat,18
145,Workout Videos,33
145,Meal Plan,21
145,Trainer Chat,29
145,Reminders,1
146,Workout Videos,28
146,Progress Tracking,50
147,Meal Plan,14
147,Trainer Chat,25
147,Progress Tracking,6
147,Workout Videos,4
147,Reminders,44
148,Workout Videos,33
148,Reminders,21
149,Workout Videos,5
149,Trainer Chat,24
149,Reminders,26
149,Progress Tracking,15
150,Progress Tracking,14
150,Workout Videos,44
150,Trainer Chat,27
150,Meal Plan,35
151,Workout Videos,13
152,Progress Tracking,41
152,Meal Plan,13
153,Reminders,32
153,Workout Videos,39
153,Meal Plan,14
153,Progress Tracking,27
154,Trainer Chat,4
155,Progress Tracking,15
155,Meal Plan,24
156,Reminders,13
156,Trainer Chat,10
157,Meal Plan,14
157,Workout Videos,5
157,Reminders,12
157,Progress Tracking,21
157,Trainer Chat,36
158,Progress Tracking,20
158,Reminders,21
158,Trainer Chat,44
158,Workout Videos,23
158,Meal Plan,50
159,Progress Tracking,45
159,Workout Videos,4
159,Reminders,35
160,Trainer Chat,37
161,Progress Tracking,19
161,Meal Plan,14
161,Trainer Chat,43
161,Workout Videos,50
162,Trainer Chat,40
162,Workout Videos,38
162,Progress Tracking,22
162,Reminders,12
163,Meal Plan,13
163,Progress Tracking,8
163,Reminders,40
163,Trainer Chat,47
163,Workout Videos,12
164,Reminders,22
165,Reminders,34
165,Trainer Chat,13
165,Progress Tracking,32
165,Workout Videos,28
165,Meal Plan,3
166,Meal Plan,3
166,Workout Videos,29
166,Reminders,16
167,Workout Videos,4
167,Reminders,34
168,Trainer Chat,47
168,Reminders,31
168,Meal Plan,10
168,Progress Tracking,40
168,Workout Videos,17
169,Trainer Chat,21
170,Trainer Chat,6
170,Workout Videos,29
171,Meal Plan,35
172,Meal Plan,3
173,Reminders,40
174,Trainer Chat,25
175,Progress Tracking,50
175,Workout Videos,29
176,Workout Videos,41
176,Reminders,33
176,Meal Plan,18
177,Meal Plan,30
177,Trainer Chat,10
177,Progress Tracking,6
177,Reminders,48
177,Workout Videos,11
178,Progress Tracking,8
178,Trainer Chat,43
178,Meal Plan,44
178,Reminders,25
178,Workout Videos,23
179,Trainer Chat,15
179,Progress Tracking,15
179,Workout Videos,24
179,Meal Plan,22
179,Reminders,37
180,Trainer Chat,14
180,Progress Tracking,43
180,Workout Videos,20
181,Trainer Chat,23
181,Meal Plan,20
181,Reminders,34
182,Progress Tracking,48
182,Reminders,3
182,Trainer Chat,35
182,Workout Videos,18
182,Meal Plan,42
183,Progress Tracking,10
183,Meal Plan,26
184,Trainer Chat,26
184,Workout Videos,8
185,Meal Plan,5
185,Reminders,15
185,Workout Videos,28
185,Progress Tracking,44
186,Workout Videos,22
187,Workout Videos,46
187,Reminders,19
187,Trainer Chat,5
187,Meal Plan,38
188,Progress Tracking,12
188,Reminders,10
188,Workout Videos,31
188,Meal Plan,24
188,Trainer Chat,50
189,Progress Tracking,12
189,Reminders,11
189,Workout Videos,16
190,Workout Videos,23
190,Progress Tracking,44
190,Meal Plan,21
191,Trainer Chat,38
191,Meal Plan,11
191,Progress Tracking,29
192,Meal Plan,29
193,Reminders,4
193,Trainer Chat,44
193,Meal Plan,25
193,Progress Tracking,39
194,Meal Plan,38
194,Trainer Chat,19
194,Progress Tracking,36
195,Meal Plan,26
195,Workout Videos,1
196,Meal Plan,27
196,Trainer Chat,4
196,Workout Videos,9
196,Progress Tracking,9
197,Workout Videos,21
197,Meal Plan,32
197,Progress Tracking,41
198,Progress Tracking,20
198,Meal Plan,28
198,Trainer Chat,22
199,Trainer Chat,45
199,Workout Videos,36
199,Progress Tracking,25
199,Meal Plan,38
199,Reminders,33
200,Workout Videos,27
200,Progress Tracking,29
200,Trainer Chat,8
201,Meal Plan,41
201,Trainer Chat,23
201,Progress Tracking,39
201,Workout Videos,16
202,Workout Videos,16
202,Reminders,30
202,Trainer Chat,20
203,Trainer Chat,45
203,Reminders,40
203,Meal Plan,1
204,Meal Plan,48
205,Workout Videos,24
205,Trainer Chat,31
205,Reminders,9
205,Progress Tracking,11
205,Meal Plan,3
206,Progress Tracking,5
206,Workout Videos,31
206,Trainer Chat,9
207,Progress Tracking,6
207,Reminders,34
207,Workout Videos,1
207,Meal Plan,40
207,Trainer Chat,34
208,Workout Videos,10
208,Progress Tracking,33
209,Progress Tracking,30
209,Meal Plan,17
209,Trainer Chat,22
209,Reminders,15
209,Workout Videos,22
210,Reminders,6
210,Workout Videos,8
211,Reminders,18
211,Workout Videos,50
211,Trainer Chat,50
212,Trainer Chat,9
212,Workout Videos,37
212,Meal Plan,15
212,Progress Tracking,42
213,Trainer Chat,7
213,Progress Tracking,47
213,Reminders,12
213,Meal Plan,4
214,Progress Tracking,24
214,Trainer Chat,1
214,Meal Plan,36
214,Workout Videos,19
215,Meal Plan,12
215,Trainer Chat,13
215,Progress Tracking,41
216,Progress Tracking,11
216,Meal Plan,17
216,Reminders,49
216,Trainer Chat,25
216,Workout Videos,28
217,Trainer Chat,32
217,Progress Tracking,9
217,Meal Plan,26
217,Reminders,16
218,Workout Videos,26
218,Meal Plan,36
218,Reminders,23
218,Trainer Chat,9
218,Progress Tracking,47
219,Workout Videos,17
219,Trainer Chat,36
220,Reminders,21
220,Workout Videos,45
220,Progress Tracking,47
220,Trainer Chat,47
220,Meal Plan,28
221,Trainer Chat,1
221,Workout Videos,43
221,Progress Tracking,7
221,Reminders,49
222,Reminders,41
222,Trainer Chat,49
223,Progress Tracking,10
224,Progress Tracking,12
224,Reminders,50
224,Trainer Chat,31
225,Reminders,14
225,Trainer Chat,10
225,Meal Plan,29
225,Workout Videos,48
226,Reminders,9
227,Meal Plan,3
228,Trainer Chat,50
228,Workout Videos,4
228,Progress Tracking,34
228,Meal Plan,22
228,Reminders,3
229,Reminders,48
229,Meal Plan,28
230,Progress Tracking,18
230,Meal Plan,47
230,Workout Videos,32
230,Trainer Chat,2
230,Reminders,38
231,Meal Plan,49
232,Workout Videos,3
233,Workout Videos,16
233,Progress Tracking,31
233,Meal Plan,25
233,Trainer Chat,16
233,Reminders,5
234,Progress Tracking,28
234,Reminders,41
234,Trainer Chat,39
235,Reminders,14
235,Trainer Chat,4
235,Progress Tracking,33
235,Meal Plan,2
236,Meal Plan,28
237,Reminders,32
237,Meal Plan,14
237,Trainer Chat,30
238,Workout Videos,10
238,Trainer Chat,1
238,Reminders,6
239,Progress Tracking,6
239,Trainer Chat,1
239,Workout Videos,39
239,Reminders,46
240,Workout Videos,42
240,Trainer Chat,41
240,Reminders,47
240,Progress Tracking,46
241,Meal Plan,47
241,Reminders,7
241,Workout Videos,3
241,Trainer Chat,24
241,Progress Tracking,29
242,Workout Videos,26
242,Reminders,10
242,Meal Plan,42
242,Trainer Chat,15
242,Progress Tracking,42
243,Progress Tracking,16
243,Trainer Chat,19
243,Reminders,11
244,Workout Videos,10
244,Reminders,23
244,Meal Plan,43
244,Trainer Chat,48
244,Progress Tracking,37
245,Trainer Chat,14
245,Meal Plan,28
246,Workout Videos,30
246,Trainer Chat,44
247,Reminders,25
247,Meal Plan,23
247,Workout Videos,20
247,Trainer Chat,23
248,Meal Plan,20
248,Workout Videos,8
249,Trainer Chat,50
249,Progress Tracking,36
249,Workout Videos,44
250,Trainer Chat,32
250,Workout Videos,49
250,Meal Plan,16
251,Trainer Chat,4
251,Reminders,47
251,Workout Videos,45
251,Meal Plan,13
251,Progress Tracking,13
252,Trainer Chat,1
252,Workout Videos,41
252,Progress Tracking,41
252,Reminders,15
253,Trainer Chat,33
253,Progress Tracking,1
253,Workout Videos,38
254,Progress Tracking,13
254,Reminders,22
254,Trainer Chat,31
254,Workout Videos,25
254,Meal Plan,45
255,Workout Videos,17
256,Progress Tracking,2
257,Progress Tracking,31
258,Workout Videos,16
258,Progress Tracking,24
258,Reminders,25
258,Trainer Chat,1
258,Meal Plan,9
259,Meal Plan,30
259,Progress Tracking,31
259,Trainer Chat,36
260,Progress Tracking,3
260,Trainer Chat,7
260,Workout Videos,7
260,Meal Plan,6
261,Workout Videos,47
262,Reminders,16
262,Trainer Chat,11
262,Progress Tracking,49
262,Workout Videos,23
262,Meal Plan,30
263,Meal Plan,39
264,Workout Videos,3
264,Reminders,20
265,Trainer Chat,26
265,Reminders,50
265,Workout Videos,44
265,Meal Plan,13
265,Progress Tracking,40
266,Meal Plan,4
266,Trainer Chat,8
266,Workout Videos,37
266,Progress Tracking,4
267,Trainer Chat,23
267,Workout Videos,8
268,Trainer Chat,17
268,Progress Tracking,26
268,Workout Videos,36
269,Workout Videos,26
269,Trainer Chat,43
269,Progress Tracking,27
269,Reminders,45
270,Meal Plan,9
270,Trainer Chat,15
270,Reminders,22
270,Workout Videos,45
270,Progress Tracking,18
271,Progress Tracking,40
271,Meal Plan,27
271,Workout Videos,7
271,Trainer Chat,4
272,Meal Plan,18
272,Progress Tracking,31
272,Reminders,6
272,Workout Videos,26
272,Trainer Chat,24
273,Trainer Chat,9
273,Progress Tracking,1
273,Meal Plan,26
273,Reminders,27
274,Progress Tracking,37
275,Progress Tracking,13
275,Workout Videos,36
275,Trainer Chat,35
276,Meal Plan,23
276,Progress Tracking,15
276,Workout Videos,13
277,Trainer Chat,2
277,Meal Plan,26
277,Workout Videos,31
277,Reminders,36
277,Progress Tracking,40
278,Reminders,19
278,Trainer Chat,15
278,Progress Tracking,11
278,Workout Videos,49
279,Workout Videos,46
279,Meal Plan,1
279,Trainer Chat,8
279,Reminders,39
280,Progress Tracking,14
280,Trainer Chat,3
280,Meal Plan,22
280,Workout Videos,19
281,Reminders,42
281,Progress Tracking,42
281,Trainer Chat,25
281,Workout Videos,44
282,Progress Tracking,19
282,Trainer Chat,31
282,Meal Plan,14
282,Reminders,11
283,Workout Videos,46
283,Meal Plan,42
284,Trainer Chat,16
284,Progress Tracking,38
285,Progress Tracking,41
285,Workout Videos,13
285,Meal Plan,11
285,Reminders,9
285,Trainer Chat,32
286,Progress Tracking,23
286,Meal Plan,36
287,Meal Plan,12
287,Reminders,46
287,Progress Tracking,4
288,Workout Videos,50
289,Progress Tracking,25
289,Reminders,3
289,Meal Plan,22
290,Reminders,15
291,Reminders,34
291,Progress Tracking,18
291,Trainer Chat,28
291,Meal Plan,47
292,Reminders,39
292,Trainer Chat,49
292,Workout Videos,47
292,Meal Plan,50
292,Progress Tracking,36
293,Workout Videos,13
293,Meal Plan,29
293,Reminders,10
293,Progress Tracking,41
293,Trainer Chat,40
294,Progress Tracking,29
294,Reminders,1
294,Trainer Chat,21
295,Progress Tracking,27
295,Meal Plan,5
296,Meal Plan,20
296,Trainer Chat,49
296,Workout Videos,34
296,Reminders,42
296,Progress Tracking,44
297,Progress Tracking,10
297,Reminders,30
297,Trainer Chat,6
297,Meal Plan,47
297,Workout Videos,24
298,Meal Plan,46
299,Workout Videos,7
299,Trainer Chat,46
299,Meal Plan,36
299,Progress Tracking,33
299,Reminders,29
300,Meal Plan,43
300,Reminders,37
300,Progress Tracking,3
301,Progress Tracking,9
302,Reminders,46
302,Meal Plan,24
302,Trainer Chat,5
302,Workout Videos,31
303,Trainer Chat,8
303,Reminders,22
303,Workout Videos,21
303,Meal Plan,46
304,Progress Tracking,42
304,Reminders,49
304,Meal Plan,35
304,Trainer Chat,29
305,Progress Tracking,47
305,Reminders,19
305,Meal Plan,40
305,Workout Videos,47
306,Progress Tracking,17
306,Reminders,47
306,Trainer Chat,10
306,Meal Plan,11
306,Workout Videos,5
307,Workout Videos,27
307,Meal Plan,33
307,Progress Tracking,16
307,Reminders,4
308,Meal Plan,27
309,Workout Videos,2
309,Reminders,35
309,Meal Plan,50
309,Trainer Chat,48
309,Progress Tracking,32
310,Meal Plan,2
310,Workout Videos,44
310,Trainer Chat,15
310,Progress Tracking,38
311,Trainer Chat,25
311,Meal Plan,16
311,Reminders,22
312,Meal Plan,35
312,Trainer Chat,45
312,Reminders,40
312,Progress Tracking,17
313,Reminders,6
313,Meal Plan,10
313,Progress Tracking,8
314,Trainer Chat,15
314,Meal Plan,25
314,Reminders,34
315,Trainer Chat,16
315,Workout Videos,37
315,Reminders,44
315,Progress Tracking,2
315,Meal Plan,50
316,Meal Plan,34
316,Progress Tracking,23
316,Reminders,12
316,Trainer Chat,25
317,Trainer Chat,18
317,Reminders,3
317,Meal Plan,26
318,Trainer Chat,45
319,Reminders,18
319,Trainer Chat,16
320,Meal Plan,35
321,Meal Plan,46
321,Progress Tracking,38
321,Reminders,8
321,Workout Videos,37
322,Reminders,15
323,Reminders,4
323,Workout Videos,36
323,Meal Plan,8
323,Progress Tracking,16
323,Trainer Chat,4
324,Progress Tracking,23
325,Reminders,45
326,Workout Videos,11
326,Meal Plan,36
326,Progress Tracking,50
326,Reminders,6
327,Progress Tracking,11
327,Meal Plan,39
328,Meal Plan,46
328,Progress Tracking,28
328,Workout Videos,21
328,Reminders,15
329,Trainer Chat,35
329,Workout Videos,38
329,Reminders,6
329,Progress Tracking,43
330,Trainer Chat,40
330,Meal Plan,9
330,Reminders,48
330,Workout Videos,26
330,Progress Tracking,20
331,Reminders,19
331,Meal Plan,14
331,Trainer Chat,9
331,Workout Videos,49
331,Progress Tracking,31
332,Workout Videos,2
333,Progress Tracking,47
333,Workout Videos,1
333,Trainer Chat,4
334,Reminders,31
334,Meal Plan,48
334,Progress Tracking,18
334,Workout Videos,21
335,Reminders,22
335,Trainer Chat,6
336,Trainer Chat,47
336,Workout Videos,2
336,Reminders,41
336,Meal Plan,14
337,Meal Plan,23
337,Trainer Chat,18
337,Workout Videos,12
337,Progress Tracking,28
338,Reminders,27
339,Trainer Chat,43
340,Progress Tracking,39
340,Trainer Chat,41
340,Meal Plan,50
340,Reminders,49
340,Workout Videos,9
341,Progress Tracking,28
341,Trainer Chat,36
342,Reminders,37
342,Meal Plan,47
342,Workout Videos,13
342,Progress Tracking,19
343,Workout Videos,1
343,Trainer Chat,45
343,Reminders,26
343,Meal Plan,22
343,Progress Tracking,26
344,Meal Plan,32
344,Progress Tracking,41
344,Trainer Chat,27
344,Workout Videos,29
344,Reminders,23
345,Reminders,14
346,Progress Tracking,6
346,Meal Plan,49
347,Reminders,15
347,Workout Videos,19
347,Progress Tracking,21
348,Progress Tracking,15
348,Trainer Chat,12
348,Workout Videos,34
348,Meal Plan,39
349,Meal Plan,41
349,Progress Tracking,36
349,Reminders,27
349,Trainer Chat,42
349,Workout Videos,17
350,Progress Tracking,23
350,Reminders,41
350,Trainer Chat,25
350,Workout Videos,45
350,Meal Plan,6
351,Meal Plan,35
351,Progress Tracking,18
352,Trainer Chat,9
352,Meal Plan,34
353,Progress Tracking,43
354,Workout Videos,41
354,Meal Plan,13
354,Progress Tracking,21
354,Reminders,41
355,Reminders,30
355,Meal Plan,41
355,Progress Tracking,23
356,Trainer Chat,40
356,Workout Videos,6
357,Meal Plan,3
357,Reminders,49
358,Trainer Chat,31
358,Reminders,44
358,Meal Plan,41
358,Progress Tracking,14
358,Workout Videos,49
359,Workout Videos,35
359,Reminders,12
360,Progress Tracking,50
360,Workout Videos,45
360,Meal Plan,49
360,Trainer Chat,46
361,Meal Plan,10
361,Workout Videos,37
361,Reminders,4
361,Progress Tracking,7
361,Trainer Chat,50
362,Workout Videos,30
362,Meal Plan,19
362,Progress Tracking,45
362,Trainer Chat,20
363,Progress Tracking,12
363,Reminders,10
363,Trainer Chat,34
363,Workout Videos,49
363,Meal Plan,25
364,Trainer Chat,43
365,Meal Plan,10
365,Reminders,14
365,Progress Tracking,29
365,Trainer Chat,3
366,Reminders,14
366,Workout Videos,33
366,Trainer Chat,45
366,Progress Tracking,6
366,Meal Plan,39
367,Trainer Chat,47
367,Reminders,26
367,Meal Plan,31
368,Meal Plan,33
368,Trainer Chat,37
368,Workout Videos,22
368,Reminders,3
368,Progress Tracking,16
369,Trainer Chat,2
370,Progress Tracking,4
370,Trainer Chat,13
370,Meal Plan,40
370,Reminders,30
370,Workout Videos,18
371,Progress Tracking,5
372,Trainer Chat,18
372,Meal Plan,1
372,Workout Videos,34
373,Reminders,23
373,Progress Tracking,5
373,Meal Plan,2
373,Workout Videos,4
374,Meal Plan,39
374,Reminders,18
375,Progress Tracking,30
376,Workout Videos,37
377,Reminders,37
377,Progress Tracking,38
377,Workout Videos,44
377,Meal Plan,23
378,Workout Videos,48
378,Progress Tracking,17
378,Reminders,2
379,Progress Tracking,12
379,Trainer Chat,49
379,Meal Plan,43
380,Meal Plan,13
380,Progress Tracking,42
380,Reminders,13
380,Workout Videos,42
381,Trainer Chat,35
382,Meal Plan,26
383,Progress Tracking,45
383,Trainer Chat,22
383,Meal Plan,9
383,Reminders,27
383,Workout Videos,9
384,Workout Videos,40
384,Progress Tracking,42
385,Meal Plan,3
385,Progress Tracking,42
386,Workout Videos,28
386,Trainer Chat,48
386,Meal Plan,17
386,Progress Tracking,45
387,Trainer Chat,31
387,Meal Plan,39
387,Workout Videos,30
387,Reminders,16
388,Trainer Chat,14
388,Workout Videos,34
388,Progress Tracking,43
388,Reminders,1
389,Meal Plan,50
390,Workout Videos,46
390,Meal Plan,33
391,Progress Tracking,2
391,Meal Plan,22
391,Reminders,22
392,Reminders,31
392,Workout Videos,16
393,Trainer Chat,30
393,Meal Plan,3
393,Progress Tracking,15
393,Workout Videos,17
394,Trainer Chat,28
394,Meal Plan,21
394,Progress Tracking,20
394,Workout Videos,28
394,Reminders,26
395,Trainer Chat,16
396,Progress Tracking,17
396,Trainer Chat,15
396,Meal Plan,15
396,Reminders,20
397,Meal Plan,49
398,Trainer Chat,26
398,Workout Videos,40
398,Meal Plan,40
399,Workout Videos,14
399,Meal Plan,40
400,Trainer Chat,49
401,Reminders,30
401,Progress Tracking,4
401,Workout Videos,37
401,Trainer Chat,23
401,Meal Plan,44
402,Progress Tracking,29
402,Meal Plan,36
402,Workout Videos,22
402,Trainer Chat,1
402,Reminders,36
403,Progress Tracking,15
403,Trainer Chat,19
403,Workout Videos,3
403,Meal Plan,24
404,Trainer Chat,3
405,Meal Plan,39
405,Trainer Chat,36
405,Workout Videos,10
405,Progress Tracking,14
406,Workout Videos,39
407,Progress Tracking,34
407,Reminders,42
407,Workout Videos,45
407,Trainer Chat,2
408,Progress Tracking,29
408,Reminders,9
408,Meal Plan,50
408,Trainer Chat,19
408,Workout Videos,31
409,Reminders,49
409,Workout Videos,49
409,Trainer Chat,48
409,Progress Tracking,36
409,Meal Plan,20
410,Trainer Chat,15
411,Trainer Chat,2
411,Workout Videos,11
411,Reminders,30
411,Progress Tracking,14
412,Meal Plan,21
412,Reminders,35
412,Trainer Chat,5
413,Trainer Chat,27
413,Progress Tracking,42
413,Workout Videos,23
413,Meal Plan,4
414,Reminders,18
414,Meal Plan,7
415,Progress Tracking,39
415,Trainer Chat,13
415,Workout Videos,28
415,Meal Plan,8
416,Workout Videos,32
417,Trainer Chat,40
418,Workout Videos,3
418,Reminders,47
418,Progress Tracking,33
418,Trainer Chat,9
419,Workout Videos,33
419,Progress Tracking,48
419,Meal Plan,27
420,Progress Tracking,10
421,Workout Videos,42
421,Trainer Chat,50
422,Progress Tracking,6
422,Reminders,24
422,Meal Plan,17
422,Workout Videos,8
423,Meal Plan,47
424,Reminders,20
424,Workout Videos,11
424,Progress Tracking,4
424,Meal Plan,37
424,Trainer Chat,34
425,Reminders,44
425,Progress Tracking,17
425,Trainer Chat,41
425,Workout Videos,34
425,Meal Plan,28
426,Progress Tracking,40
426,Reminders,46
426,Meal Plan,42
427,Reminders,39
427,Progress Tracking,21
428,Reminders,12
428,Progress Tracking,21
428,Trainer Chat,13
428,Workout Videos,9
428,Meal Plan,40
429,Workout Videos,44
429,Trainer Chat,34
429,Meal Plan,23
430,Meal Plan,22
430,Trainer Chat,39
431,Progress Tracking,9
432,Workout Videos,26
432,Reminders,2
432,Trainer Chat,3
433,Workout Videos,29
433,Reminders,48
433,Progress Tracking,14
434,Progress Tracking,28
434,Trainer Chat,19
434,Meal Plan,50
434,Workout Videos,50
435,Workout Videos,48
435,Reminders,42
435,Trainer Chat,37
435,Progress Tracking,43
435,Meal Plan,39
436,Reminders,39
436,Progress Tracking,2
437,Meal Plan,50
437,Reminders,9
437,Progress Tracking,2
437,Workout Videos,8
437,Trainer Chat,29
438,Reminders,29
438,Trainer Chat,34
438,Meal Plan,1
438,Workout Videos,12
438,Progress Tracking,44
439,Meal Plan,31
439,Progress Tracking,32
439,Trainer Chat,30
439,Reminders,7
439,Workout Videos,41
440,Meal Plan,38
440,Progress Tracking,7
440,Reminders,38
441,Reminders,5
441,Progress Tracking,31
442,Progress Tracking,41
442,Meal Plan,13
443,Meal Plan,37
444,Meal Plan,25
444,Reminders,30
444,Workout Videos,41
444,Trainer Chat,32
445,Workout Videos,39
445,Reminders,9
445,Trainer Chat,34
445,Meal Plan,45
445,Progress Tracking,50
446,Trainer Chat,35
446,Meal Plan,47
446,Progress Tracking,38
447,Trainer Chat,50
448,Meal Plan,8
448,Workout Videos,1
448,Trainer Chat,15
448,Reminders,19
449,Progress Tracking,48
449,Workout Videos,14
449,Trainer Chat,7
449,Meal Plan,46
449,Reminders,16
450,Reminders,3
451,Workout Videos,28
451,Reminders,26
452,Progress Tracking,14
452,Workout Videos,1
452,Meal Plan,20
453,Meal Plan,26
453,Progress Tracking,27
453,Workout Videos,13
453,Trainer Chat,37
453,Reminders,30
454,Trainer Chat,27
454,Progress Tracking,39
454,Meal Plan,37
455,Meal Plan,35
455,Reminders,25
455,Trainer Chat,16
455,Workout Videos,24
455,Progress Tracking,21
456,Meal Plan,28
457,Trainer Chat,2
457,Workout Videos,50
458,Reminders,20
458,Trainer Chat,40
458,Progress Tracking,18
458,Workout Videos,16
459,Progress Tracking,15
459,Reminders,31
459,Workout Videos,31
459,Trainer Chat,24
459,Meal Plan,19
460,Meal Plan,11
460,Progress Tracking,34
461,Reminders,28
461,Progress Tracking,46
461,Workout Videos,1
461,Meal Plan,7
462,Trainer Chat,19
463,Meal Plan,30
464,Meal Plan,10
465,Reminders,22
465,Meal Plan,16
465,Trainer Chat,13
465,Workout Videos,37
465,Progress Tracking,48
466,Trainer Chat,35
466,Reminders,25
467,Workout Videos,28
467,Reminders,37
467,Meal Plan,14
468,Trainer Chat,39
468,Reminders,3
468,Progress Tracking,43
468,Meal Plan,25
469,Reminders,4
469,Progress Tracking,44
470,Meal Plan,40
470,Reminders,7
470,Workout Videos,48
471,Progress Tracking,17
472,Reminders,42
472,Progress Tracking,39
472,Meal Plan,16
472,Workout Videos,33
473,Trainer Chat,32
473,Progress Tracking,50
473,Meal Plan,22
474,Workout Videos,12
474,Reminders,41
475,Trainer Chat,26
475,Meal Plan,47
475,Progress Tracking,6
475,Reminders,46
476,Reminders,39
477,Progress Tracking,26
478,Progress Tracking,36
478,Meal Plan,3
478,Workout Videos,48
479,Workout Videos,12
479,Reminders,20
479,Trainer Chat,11
480,Progress Tracking,3
480,Meal Plan,24
480,Trainer Chat,43
481,Progress Tracking,1
481,Workout Videos,40
481,Reminders,11
481,Trainer Chat,3
482,Trainer Chat,27
482,Meal Plan,39
482,Workout Videos,33
482,Reminders,39
482,Progress Tracking,31
483,Workout Videos,40
483,Meal Plan,45
483,Trainer Chat,15
483,Progress Tracking,23
484,Trainer Chat,44
485,Meal Plan,15
485,Trainer Chat,10
485,Reminders,8
485,Workout Videos,27
485,Progress Tracking,12
486,Meal Plan,13
487,Reminders,38
488,Trainer Chat,40
488,Progress Tracking,9
488,Reminders,21
488,Workout Videos,37
489,Meal Plan,27
489,Trainer Chat,45
489,Progress Tracking,8
490,Reminders,19
490,Trainer Chat,6
490,Meal Plan,41
490,Progress Tracking,11
490,Workout Videos,34
491,Meal Plan,50
491,Progress Tracking,46
491,Reminders,30
491,Trainer Chat,29
491,Workout Videos,35
492,Progress Tracking,3
492,Trainer Chat,34
492,Meal Plan,27
493,Workout Videos,12
493,Progress Tracking,12
494,Progress Tracking,34
494,Trainer Chat,23
494,Reminders,28
494,Workout Videos,11
494,Meal Plan,4
495,Trainer Chat,42
495,Reminders,36
495,Meal Plan,36
496,Meal Plan,2
497,Reminders,2
497,Progress Tracking,17
498,Meal Plan,32
498,Progress Tracking,49
499,Meal Plan,44
499,Progress Tracking,38
499,Workout Videos,23
500,Trainer Chat,16
501,Workout Videos,26
501,Reminders,20
501,Meal Plan,11
501,Trainer Chat,10
501,Progress Tracking,13
502,Meal Plan,45
502,Progress Tracking,44
503,Progress Tracking,22
503,Reminders,12
503,Workout Videos,36
503,Meal Plan,22
503,Trainer Chat,31
504,Meal Plan,47
504,Reminders,19
504,Trainer Chat,25
504,Progress Tracking,20
504,Workout Videos,16
505,Meal Plan,23
506,Trainer Chat,12
506,Workout Videos,34
506,Reminders,17
507,Meal Plan,5
508,Progress Tracking,43
508,Reminders,1
508,Meal Plan,34
508,Trainer Chat,26
509,Progress Tracking,45
509,Workout Videos,21
509,Trainer Chat,48
510,Workout Videos,41
510,Trainer Chat,41
510,Meal Plan,27
511,Reminders,50
512,Workout Videos,5
512,Reminders,40
512,Trainer Chat,13
512,Meal Plan,9
513,Reminders,20
513,Workout Videos,34
513,Meal Plan,25
514,Workout Videos,47
514,Progress Tracking,28
514,Reminders,7
515,Progress Tracking,31
515,Reminders,28
515,Trainer Chat,30
515,Workout Videos,50
515,Meal Plan,37
516,Workout Videos,36
516,Reminders,41
516,Meal Plan,20
516,Trainer Chat,20
516,Progress Tracking,16
517,Progress Tracking,29
517,Workout Videos,6
517,Meal Plan,15
517,Reminders,42
517,Trainer Chat,16
518,Trainer Chat,25
518,Reminders,23
518,Progress Tracking,6
518,Meal Plan,10
519,Reminders,44
519,Progress Tracking,4
520,Reminders,48
521,Progress Tracking,4
522,Workout Videos,12
522,Reminders,25
523,Meal Plan,25
523,Progress Tracking,7
523,Workout Videos,15
524,Reminders,5
524,Progress Tracking,2
524,Workout Videos,30
524,Trainer Chat,14
525,Progress Tracking,15
526,Meal Plan,23
526,Workout Videos,24
526,Trainer Chat,29
526,Reminders,37
527,Progress Tracking,33
528,Meal Plan,41
528,Workout Videos,48
528,Reminders,24
528,Progress Tracking,8
529,Reminders,32
529,Progress Tracking,11
530,Trainer Chat,50
530,Workout Videos,24
530,Progress Tracking,48
530,Reminders,31
531,Reminders,44
531,Trainer Chat,33
531,Meal Plan,43
531,Workout Videos,13
532,Progress Tracking,41
532,Workout Videos,36
532,Reminders,34
532,Meal Plan,44
532,Trainer Chat,7
533,Trainer Chat,11
533,Workout Videos,24
534,Reminders,2
535,Meal Plan,45
535,Progress Tracking,9
535,Workout Videos,19
536,Progress Tracking,23
537,Workout Videos,24
538,Progress Tracking,44
538,Reminders,24
538,Trainer Chat,49
538,Workout Videos,44
539,Progress Tracking,39
539,Trainer Chat,50
539,Workout Videos,38
539,Reminders,35
539,Meal Plan,9
540,Trainer Chat,35
540,Meal Plan,41
541,Workout Videos,48
541,Meal Plan,19
542,Workout Videos,23
542,Trainer Chat,3
543,Progress Tracking,18
543,Trainer Chat,44
543,Workout Videos,18
543,Reminders,36
543,Meal Plan,30
544,Workout Videos,34
544,Trainer Chat,13
544,Progress Tracking,3
544,Meal Plan,21
544,Reminders,45
545,Meal Plan,14
545,Reminders,4
545,Progress Tracking,45
546,Progress Tracking,10
547,Trainer Chat,29
547,Progress Tracking,18
547,Meal Plan,30
548,Trainer Chat,18
548,Reminders,3
548,Workout Videos,29
548,Meal Plan,21
549,Workout Videos,23
549,Trainer Chat,50
549,Reminders,50
549,Meal Plan,30
549,Progress Tracking,1
550,Reminders,32
550,Meal Plan,17
550,Trainer Chat,28
550,Workout Videos,8
551,Progress Tracking,50
551,Workout Videos,48
551,Trainer Chat,30
551,Reminders,6
552,Progress Tracking,11
552,Trainer Chat,8
552,Workout Videos,12
552,Reminders,33
553,Meal Plan,1
553,Progress Tracking,3
553,Trainer Chat,6
554,Trainer Chat,50
554,Progress Tracking,4
554,Meal Plan,19
554,Workout Videos,48
555,Meal Plan,20
555,Reminders,20
555,Workout Videos,25
556,Progress Tracking,3
556,Trainer Chat,31
556,Workout Videos,47
556,Reminders,4
556,Meal Plan,50
557,Reminders,6
557,Progress Tracking,16
557,Meal Plan,27
558,Trainer Chat,26
558,Reminders,14
559,Workout Videos,36
559,Reminders,45
560,Progress Tracking,32
561,Trainer Chat,39
562,Trainer Chat,37
563,Progress Tracking,32
563,Meal Plan,28
564,Workout Videos,46
565,Meal Plan,12
565,Trainer Chat,27
566,Trainer Chat,32
566,Progress Tracking,45
566,Reminders,7
566,Meal Plan,35
566,Workout Videos,22
567,Workout Videos,42
567,Trainer Chat,34
567,Meal Plan,29
567,Reminders,13
568,Progress Tracking,27
568,Workout Videos,12
568,Trainer Chat,7
568,Reminders,34
568,Meal Plan,9
569,Workout Videos,11
569,Progress Tracking,10
569,Trainer Chat,44
569,Reminders,40
569,Meal Plan,36
570,Trainer Chat,6
570,Progress Tracking,13
571,Meal Plan,8
571,Workout Videos,47
571,Reminders,31
572,Workout Videos,34
572,Progress Tracking,29
572,Trainer Chat,45
573,Reminders,30
574,Trainer Chat,7
574,Meal Plan,32
574,Reminders,36
574,Progress Tracking,6
574,Workout Videos,14
575,Workout Videos,40
575,Meal Plan,9
575,Reminders,26
575,Trainer Chat,46
576,Workout Videos,31
577,Workout Videos,6
577,Progress Tracking,44
578,Workout Videos,39
579,Meal Plan,3
579,Reminders,43
579,Progress Tracking,7
580,Reminders,20
581,Meal Plan,32
581,Workout Videos,23
581,Trainer Chat,18
581,Reminders,32
581,Progress Tracking,27
582,Trainer Chat,5
582,Progress Tracking,40
582,Workout Videos,25
582,Meal Plan,24
583,Trainer Chat,13
583,Reminders,47
583,Meal Plan,23
583,Progress Tracking,47
583,Workout Videos,26
584,Meal Plan,35
584,Workout Videos,24
584,Reminders,36
584,Progress Tracking,11
585,Progress Tracking,47
585,Trainer Chat,38
586,Reminders,8
586,Meal Plan,23
586,Progress Tracking,32
587,Meal Plan,14
587,Progress Tracking,13
587,Trainer Chat,25
587,Reminders,5
587,Workout Videos,16
588,Progress Tracking,16
588,Workout Videos,5
589,Progress Tracking,33
589,Meal Plan,24
589,Reminders,8
590,Reminders,41
590,Progress Tracking,32
591,Reminders,30
591,Trainer Chat,32
592,Progress Tracking,2
593,Meal Plan,46
593,Progress Tracking,46
593,Reminders,25
593,Workout Videos,25
593,Trainer Chat,2
594,Workout Videos,25
594,Progress Tracking,9
594,Reminders,26
594,Trainer Chat,10
594,Meal Plan,20
595,Progress Tracking,37
595,Trainer Chat,3
596,Trainer Chat,13
596,Meal Plan,18
596,Workout Videos,28
597,Meal Plan,10
597,Reminders,40
597,Progress Tracking,32
597,Workout Videos,37
597,Trainer Chat,7
598,Progress Tracking,49
598,Meal Plan,39
598,Trainer Chat,21
598,Reminders,13
599,Progress Tracking,16
599,Trainer Chat,20
599,Meal Plan,36
600,Progress Tracking,37
600,Meal Plan,23
600,Trainer Chat,22
600,Reminders,45
601,Progress Tracking,34
601,Trainer Chat,43
602,Trainer Chat,33
602,Progress Tracking,32
602,Workout Videos,35
602,Reminders,27
603,Progress Tracking,22
604,Trainer Chat,7
604,Reminders,23
604,Meal Plan,10
604,Workout Videos,6
605,Progress Tracking,22
605,Workout Videos,38
605,Trainer Chat,22
606,Trainer Chat,45
607,Meal Plan,8
607,Trainer Chat,7
607,Progress Tracking,15
608,Progress Tracking,48
608,Workout Videos,38
608,Trainer Chat,29
608,Reminders,13
608,Meal Plan,17
609,Progress Tracking,33
609,Meal Plan,5
609,Trainer Chat,29
609,Workout Videos,39
610,Meal Plan,45
611,Progress Tracking,42
611,Trainer Chat,28
611,Reminders,16
612,Progress Tracking,12
612,Meal Plan,47
612,Reminders,37
612,Workout Videos,44
613,Workout Videos,13
613,Progress Tracking,13
613,Meal Plan,50
614,Workout Videos,24
614,Progress Tracking,6
614,Trainer Chat,13
615,Meal Plan,36
615,Workout Videos,15
615,Progress Tracking,27
616,Trainer Chat,45
616,Reminders,27
616,Progress Tracking,45
616,Meal Plan,49
616,Workout Videos,3
617,Meal Plan,49
618,Trainer Chat,6
618,Progress Tracking,16
619,Trainer Chat,11
619,Workout Videos,27
619,Meal Plan,7
620,Trainer Chat,23
620,Workout Videos,31
621,Meal Plan,44
621,Workout Videos,15
622,Workout Videos,11
622,Reminders,21
622,Trainer Chat,49
622,Progress Tracking,36
623,Trainer Chat,26
623,Reminders,41
623,Meal Plan,33
623,Progress Tracking,26
623,Workout Videos,17
624,Reminders,14
624,Progress Tracking,15
625,Workout Videos,41
625,Meal Plan,12
625,Reminders,34
626,Trainer Chat,11
626,Reminders,12
627,Workout Videos,3
627,Progress Tracking,49
627,Trainer Chat,16
628,Reminders,32
628,Progress Tracking,1
629,Meal Plan,16
630,Meal Plan,5
630,Workout Videos,45
630,Trainer Chat,1
630,Progress Tracking,13
631,Reminders,14
631,Workout Videos,19
631,Progress Tracking,16
632,Workout Videos,32
632,Progress Tracking,22
632,Meal Plan,1
632,Reminders,15
633,Reminders,8
634,Workout Videos,2
634,Progress Tracking,44
634,Meal Plan,41
635,Reminders,43
635,Trainer Chat,48
635,Meal Plan,19
635,Workout Videos,4
636,Trainer Chat,29
636,Reminders,42
636,Progress Tracking,22
636,Workout Videos,21
636,Meal Plan,40
637,Progress Tracking,17
637,Reminders,35
638,Workout Videos,20
638,Meal Plan,46
638,Reminders,11
638,Trainer Chat,45
639,Trainer Chat,13
639,Progress Tracking,1
639,Reminders,32
639,Meal Plan,43
639,Workout Videos,23
640,Workout Videos,12
641,Progress Tracking,42
642,Meal Plan,42
642,Reminders,17
642,Trainer Chat,32
643,Progress Tracking,27
643,Trainer Chat,48
643,Workout Videos,9
643,Reminders,29
643,Meal Plan,30
644,Reminders,8
645,Trainer Chat,40
645,Reminders,25
645,Workout Videos,1
646,Progress Tracking,21
646,Workout Videos,41
646,Reminders,31
647,Trainer Chat,35
648,Reminders,27
648,Workout Videos,23
648,Trainer Chat,50
649,Meal Plan,25
650,Trainer Chat,31
650,Workout Videos,20
651,Trainer Chat,35
651,Workout Videos,44
651,Progress Tracking,5
651,Meal Plan,40
651,Reminders,20
652,Progress Tracking,32
652,Reminders,17
652,Meal Plan,1
653,Workout Videos,29
653,Trainer Chat,45
653,Reminders,13
653,Progress Tracking,32
653,Meal Plan,11
654,Workout Videos,3
654,Trainer Chat,43
654,Reminders,42
654,Progress Tracking,7
654,Meal Plan,7
655,Progress Tracking,41
656,Progress Tracking,23
657,Meal Plan,20
657,Workout Videos,43
657,Trainer Chat,1
657,Progress Tracking,13
658,Workout Videos,10
658,Reminders,37
659,Trainer Chat,29
659,Progress Tracking,45
659,Meal Plan,15
660,Trainer Chat,17
661,Trainer Chat,9
661,Meal Plan,46
661,Reminders,39
661,Workout Videos,50
662,Trainer Chat,29
663,Meal Plan,48
664,Progress Tracking,29
665,Trainer Chat,39
665,Workout Videos,46
665,Reminders,34
666,Progress Tracking,41
666,Workout Videos,32
666,Reminders,42
667,Trainer Chat,37
668,Workout Videos,13
668,Reminders,42
668,Meal Plan,39
668,Trainer Chat,17
668,Progress Tracking,4
669,Reminders,11
669,Workout Videos,24
669,Progress Tracking,27
670,Trainer Chat,9
670,Reminders,40
670,Workout Videos,32
671,Reminders,15
671,Workout Videos,41
671,Progress Tracking,33
671,Trainer Chat,36
672,Meal Plan,1
672,Trainer Chat,28
672,Progress Tracking,35
672,Workout Videos,17
672,Reminders,44
673,Workout Videos,32
673,Meal Plan,16
673,Reminders,30
673,Progress Tracking,7
674,Workout Videos,31
675,Reminders,20
675,Progress Tracking,20
675,Trainer Chat,29
675,Workout Videos,43
676,Workout Videos,15
676,Trainer Chat,19
676,Reminders,26
676,Progress Tracking,25
676,Meal Plan,36
677,Progress Tracking,48
677,Meal Plan,27
678,Meal Plan,15
678,Trainer Chat,22
678,Reminders,1
678,Workout Videos,50
679,Trainer Chat,7
679,Meal Plan,20
679,Workout Videos,7
679,Progress Tracking,46
679,Reminders,30
680,Meal Plan,44
681,Trainer Chat,13
681,Workout Videos,39
681,Progress Tracking,47
682,Reminders,20
682,Progress Tracking,40
682,Meal Plan,38
682,Trainer Chat,31
683,Reminders,23
683,Progress Tracking,37
683,Trainer Chat,27
683,Workout Videos,29
683,Meal Plan,29
684,Progress Tracking,6
684,Workout Videos,19
684,Reminders,27
684,Trainer Chat,35
685,Reminders,19
685,Workout Videos,47
685,Meal Plan,48
686,Trainer Chat,42
686,Progress Tracking,31
686,Workout Videos,27
686,Meal Plan,45
687,Workout Videos,12
687,Meal Plan,10
687,Trainer Chat,8
688,Reminders,34
688,Progress Tracking,7
688,Trainer Chat,29
688,Meal Plan,6
688,Workout Videos,26
689,Workout Videos,46
689,Progress Tracking,2
690,Reminders,27
690,Workout Videos,38
690,Trainer Chat,19
690,Meal Plan,49
690,Progress Tracking,47
691,Reminders,48
691,Progress Tracking,4
691,Workout Videos,28
692,Progress Tracking,14
692,Workout Videos,32
693,Trainer Chat,45
693,Workout Videos,6
693,Meal Plan,34
693,Progress Tracking,24
694,Trainer Chat,11
694,Meal Plan,3
695,Workout Videos,40
695,Trainer Chat,13
695,Reminders,18
695,Progress Tracking,39
696,Workout Videos,24
697,Progress Tracking,6
697,Workout Videos,20
697,Reminders,39
697,Meal Plan,38
697,Trainer Chat,8
698,Progress Tracking,32
698,Meal Plan,23
698,Reminders,34
698,Trainer Chat,29
699,Reminders,46
699,Trainer Chat,13
699,Meal Plan,11
699,Progress Tracking,41
700,Trainer Chat,14
701,Meal Plan,43
701,Reminders,28
701,Progress Tracking,9
702,Progress Tracking,27
703,Progress Tracking,32
703,Reminders,33
704,Workout Videos,43
704,Trainer Chat,8
704,Meal Plan,26
705,Workout Videos,25
705,Progress Tracking,31
705,Meal Plan,50
705,Trainer Chat,37
705,Reminders,5
706,Progress Tracking,1
706,Workout Videos,6
706,Trainer Chat,37
706,Meal Plan,3
706,Reminders,32
707,Progress Tracking,14
707,Trainer Chat,11
707,Reminders,2
707,Workout Videos,47
707,Meal Plan,19
708,Workout Videos,25
708,Meal Plan,40
708,Trainer Chat,13
708,Reminders,7
709,Meal Plan,47
710,Progress Tracking,13
710,Trainer Chat,3
710,Meal Plan,30
710,Reminders,3
711,Reminders,12
711,Workout Videos,7
711,Progress Tracking,22
712,Meal Plan,39
713,Progress Tracking,45
713,Reminders,13
714,Workout Videos,19
714,Meal Plan,34
714,Progress Tracking,16
714,Reminders,15
714,Trainer Chat,39
715,Trainer Chat,18
716,Reminders,28
716,Progress Tracking,29
716,Workout Videos,37
716,Meal Plan,46
716,Trainer Chat,11
717,Progress Tracking,17
717,Reminders,15
718,Meal Plan,47
718,Progress Tracking,26
718,Trainer Chat,42
719,Reminders,34
719,Trainer Chat,34
720,Progress Tracking,49
720,Reminders,46
720,Meal Plan,19
721,Reminders,25
721,Progress Tracking,31
721,Meal Plan,30
721,Trainer Chat,49
721,Workout Videos,36
722,Meal Plan,13
722,Workout Videos,15
722,Trainer Chat,18
722,Reminders,25
723,Reminders,50
724,Meal Plan,10
724,Reminders,17
724,Workout Videos,44
725,Reminders,39
726,Progress Tracking,20
726,Meal Plan,7
726,Trainer Chat,28
726,Workout Videos,15
727,Workout Videos,35
727,Meal Plan,17
728,Meal Plan,13
728,Workout Videos,1
728,Progress Tracking,20
728,Reminders,40
728,Trainer Chat,15
729,Meal Plan,10
729,Reminders,15
729,Workout Videos,7
730,Reminders,23
730,Workout Videos,15
730,Progress Tracking,48
730,Trainer Chat,6
731,Progress Tracking,11
731,Workout Videos,32
731,Meal Plan,29
732,Trainer Chat,36
732,Workout Videos,16
732,Reminders,45
733,Workout Videos,45
733,Progress Tracking,11
733,Meal Plan,4
733,Trainer Chat,50
734,Reminders,43
734,Trainer Chat,45
734,Progress Tracking,33
734,Workout Videos,19
734,Meal Plan,49
735,Meal Plan,14
735,Reminders,25
735,Trainer Chat,33
735,Workout Videos,4
735,Progress Tracking,20
736,Reminders,27
736,Progress Tracking,5
736,Workout Videos,35
736,Meal Plan,1
736,Trainer Chat,49
737,Progress Tracking,18
737,Workout Videos,21
737,Reminders,19
737,Trainer Chat,50
737,Meal Plan,3
738,Progress Tracking,21
738,Meal Plan,26
738,Trainer Chat,24
739,Reminders,11
739,Trainer Chat,23
739,Workout Videos,50
739,Progress Tracking,4
739,Meal Plan,33
740,Trainer Chat,27
740,Workout Videos,8
740,Reminders,9
740,Meal Plan,38
741,Meal Plan,46
741,Reminders,30
741,Workout Videos,32
741,Progress Tracking,47
742,Progress Tracking,35
742,Reminders,23
742,Workout Videos,16
743,Reminders,2
743,Progress Tracking,5
743,Workout Videos,12
743,Trainer Chat,47
743,Meal Plan,14
744,Progress Tracking,45
744,Workout Videos,22
744,Meal Plan,36
745,Reminders,12
745,Meal Plan,37
745,Workout Videos,13
745,Trainer Chat,1
745,Progress Tracking,15
746,Workout Videos,46
746,Progress Tracking,11
746,Meal Plan,25
746,Reminders,50
747,Progress Tracking,45
747,Reminders,22
747,Meal Plan,7
747,Trainer Chat,5
747,Workout Videos,39
748,Trainer Chat,18
748,Workout Videos,13
748,Meal Plan,40
748,Reminders,35
749,Workout Videos,1
749,Trainer Chat,23
749,Reminders,50
749,Progress Tracking,27
750,Reminders,50
751,Workout Videos,10
751,Trainer Chat,14
751,Reminders,31
751,Meal Plan,32
752,Workout Videos,38
753,Progress Tracking,45
753,Workout Videos,24
753,Reminders,35
753,Meal Plan,41
754,Reminders,40
755,Progress Tracking,13
756,Reminders,13
756,Meal Plan,17
756,Progress Tracking,17
756,Trainer Chat,15
756,Workout Videos,30
757,Progress Tracking,31
757,Reminders,7
758,Reminders,13
758,Workout Videos,39
758,Meal Plan,30
759,Reminders,24
759,Progress Tracking,25
759,Workout Videos,47
759,Meal Plan,42
760,Trainer Chat,35
760,Reminders,48
760,Meal Plan,35
760,Progress Tracking,12
761,Reminders,25
761,Workout Videos,12
762,Workout Videos,49
762,Reminders,42
762,Meal Plan,6
762,Progress Tracking,17
762,Trainer Chat,13
763,Reminders,7
763,Trainer Chat,6
763,Workout Videos,4
763,Meal Plan,21
764,Reminders,50
764,Meal Plan,20
764,Progress Tracking,17
764,Workout Videos,35
765,Trainer Chat,7
765,Progress Tracking,32
766,Meal Plan,30
766,Workout Videos,19
766,Progress Tracking,6
767,Workout Videos,31
768,Progress Tracking,3
768,Trainer Chat,44
769,Progress Tracking,35
769,Trainer Chat,20
769,Meal Plan,14
770,Workout Videos,49
771,Workout Videos,19
771,Trainer Chat,24
771,Progress Tracking,19
771,Reminders,9
771,Meal Plan,23
772,Progress Tracking,45
772,Trainer Chat,47
772,Workout Videos,1
772,Meal Plan,22
773,Progress Tracking,20
773,Meal Plan,49
773,Reminders,15
774,Workout Videos,23
774,Trainer Chat,45
774,Progress Tracking,20
774,Meal Plan,48
774,Reminders,15
775,Meal Plan,17
775,Reminders,5
775,Workout Videos,14
776,Trainer Chat,15
776,Progress Tracking,24
776,Meal Plan,46
777,Meal Plan,28
777,Reminders,45
777,Workout Videos,47
777,Progress Tracking,46
778,Workout Videos,10
779,Trainer Chat,38
779,Progress Tracking,18
780,Workout Videos,39
780,Trainer Chat,29
780,Reminders,27
780,Progress Tracking,43
780,Meal Plan,26
781,Reminders,21
781,Meal Plan,11
781,Workout Videos,29
781,Trainer Chat,14
782,Reminders,36
782,Progress Tracking,16
783,Meal Plan,34
783,Reminders,25
784,Reminders,44
784,Trainer Chat,30
785,Progress Tracking,16
785,Meal Plan,14
785,Trainer Chat,23
786,Workout Videos,28
786,Trainer Chat,35
786,Reminders,8
787,Reminders,13
787,Workout Videos,42
788,Workout Videos,22
788,Meal Plan,14
788,Reminders,21
788,Progress Tracking,19
789,Progress Tracking,47
789,Meal Plan,9
789,Workout Videos,2
789,Trainer Chat,15
789,Reminders,39
790,Meal Plan,42
790,Reminders,29
790,Progress Tracking,11
791,Progress Tracking,7
791,Meal Plan,6
791,Trainer Chat,21
791,Workout Videos,11
791,Reminders,43
792,Trainer Chat,12
793,Trainer Chat,50
793,Meal Plan,14
793,Reminders,42
794,Progress Tracking,27
794,Reminders,39
794,Workout Videos,22
794,Meal Plan,3
794,Trainer Chat,35
795,Progress Tracking,39
795,Workout Videos,15
795,Meal Plan,50
796,Meal Plan,41
796,Reminders,10
797,Progress Tracking,31
798,Reminders,11
798,Trainer Chat,41
798,Workout Videos,11
798,Meal Plan,28
798,Progress Tracking,28
799,Workout Videos,24
799,Meal Plan,41
799,Reminders,40
800,Reminders,18
800,Meal Plan,25
801,Progress Tracking,40
801,Meal Plan,23
801,Reminders,8
801,Trainer Chat,36
802,Progress Tracking,11
802,Reminders,12
802,Workout Videos,15
802,Trainer Chat,35
803,Workout Videos,5
804,Progress Tracking,8
804,Trainer Chat,37
804,Reminders,22
805,Trainer Chat,47
805,Workout Videos,3
805,Meal Plan,47
805,Reminders,40
805,Progress Tracking,50
806,Meal Plan,23
806,Workout Videos,29
807,Trainer Chat,30
807,Reminders,47
807,Workout Videos,23
808,Progress Tracking,43
808,Meal Plan,12
808,Trainer Chat,16
808,Workout Videos,1
809,Reminders,10
809,Workout Videos,37
809,Meal Plan,13
810,Workout Videos,46
810,Reminders,27
811,Meal Plan,34
812,Progress Tracking,13
812,Trainer Chat,3
813,Trainer Chat,50
814,Progress Tracking,22
814,Meal Plan,38
814,Workout Videos,26
815,Reminders,19
815,Progress Tracking,14
816,Meal Plan,45
816,Progress Tracking,25
816,Workout Videos,21
816,Reminders,37
817,Meal Plan,38
817,Reminders,17
818,Reminders,7
818,Progress Tracking,23
818,Trainer Chat,33
818,Meal Plan,6
818,Workout Videos,11
819,Meal Plan,11
819,Reminders,19
819,Progress Tracking,32
820,Meal Plan,27
821,Meal Plan,13
821,Reminders,8
821,Trainer Chat,3
821,Progress Tracking,25
822,Workout Videos,4
822,Trainer Chat,7
822,Meal Plan,31
823,Meal Plan,11
823,Workout Videos,44
824,Reminders,6
824,Trainer Chat,4
825,Progress Tracking,48
825,Reminders,17
825,Workout Videos,30
825,Trainer Chat,18
826,Progress Tracking,26
827,Trainer Chat,13
827,Workout Videos,40
827,Meal Plan,48
828,Reminders,36
828,Trainer Chat,22
829,Trainer Chat,33
829,Reminders,22
829,Progress Tracking,49
829,Workout Videos,16
830,Trainer Chat,42
831,Meal Plan,50
831,Reminders,20
831,Trainer Chat,40
831,Progress Tracking,48
832,Meal Plan,4
832,Trainer Chat,4
832,Workout Videos,49
832,Progress Tracking,29
832,Reminders,44
833,Reminders,19
834,Reminders,42
835,Trainer Chat,31
835,Workout Videos,2
835,Progress Tracking,48
836,Meal Plan,2
836,Trainer Chat,23
836,Reminders,29
836,Workout Videos,18
837,Workout Videos,46
837,Trainer Chat,12
838,Reminders,45
838,Trainer Chat,22
838,Meal Plan,28
838,Progress Tracking,34
838,Workout Videos,26
839,Meal Plan,25
840,Reminders,33
841,Progress Tracking,10
842,Workout Videos,46
842,Reminders,33
842,Progress Tracking,28
842,Meal Plan,50
842,Trainer Chat,6
843,Progress Tracking,29
843,Workout Videos,41
844,Workout Videos,45
844,Meal Plan,34
844,Progress Tracking,45
845,Progress Tracking,30
846,Trainer Chat,3
847,Progress Tracking,41
847,Trainer Chat,1
847,Workout Videos,40
847,Meal Plan,41
848,Meal Plan,35
848,Workout Videos,14
848,Trainer Chat,22
848,Reminders,5
848,Progress Tracking,4
849,Reminders,43
850,Workout Videos,4
851,Trainer Chat,28
851,Progress Tracking,48
851,Meal Plan,47
852,Meal Plan,4
852,Trainer Chat,1
852,Workout Videos,12
853,Progress Tracking,15
853,Workout Videos,20
853,Trainer Chat,20
854,Progress Tracking,12
854,Reminders,23
854,Workout Videos,12
854,Trainer Chat,23
855,Meal Plan,41
855,Trainer Chat,5
855,Progress Tracking,11
855,Workout Videos,12
856,Meal Plan,33
856,Reminders,49
856,Trainer Chat,27
856,Workout Videos,26
857,Reminders,5
857,Progress Tracking,8
857,Meal Plan,35
857,Workout Videos,34
858,Reminders,15
858,Trainer Chat,41
858,Meal Plan,29
859,Progress Tracking,45
859,Workout Videos,9
859,Trainer Chat,43
860,Progress Tracking,26
860,Meal Plan,35
860,Workout Videos,46
860,Trainer Chat,40
860,Reminders,17
861,Meal Plan,36
862,Reminders,29
863,Workout Videos,32
863,Reminders,44
863,Progress Tracking,23
863,Meal Plan,1
863,Trainer Chat,47
864,Progress Tracking,33
865,Progress Tracking,47
865,Trainer Chat,24
866,Workout Videos,10
867,Trainer Chat,9
868,Trainer Chat,29
868,Workout Videos,50
868,Progress Tracking,8
868,Meal Plan,7
869,Reminders,26
869,Workout Videos,3
869,Trainer Chat,21
869,Progress Tracking,29
870,Progress Tracking,35
871,Progress Tracking,50
871,Meal Plan,31
871,Workout Videos,26
871,Trainer Chat,5
871,Reminders,30
872,Workout Videos,23
872,Meal Plan,17
872,Trainer Chat,47
872,Progress Tracking,36
873,Workout Videos,41
873,Meal Plan,45
873,Trainer Chat,5
874,Progress Tracking,39
874,Reminders,23
874,Trainer Chat,47
875,Trainer Chat,41
875,Workout Videos,6
876,Workout Videos,29
876,Reminders,19
876,Meal Plan,50
876,Trainer Chat,38
876,Progress Tracking,28
877,Reminders,25
877,Meal Plan,46
877,Progress Tracking,10
878,Workout Videos,48
878,Trainer Chat,11
878,Progress Tracking,6
878,Meal Plan,22
878,Reminders,14
879,Workout Videos,24
880,Reminders,17
880,Meal Plan,6
880,Workout Videos,2
881,Progress Tracking,47
881,Meal Plan,38
881,Workout Videos,6
882,Progress Tracking,1
882,Trainer Chat,8
882,Meal Plan,1
882,Reminders,39
883,Workout Videos,2
884,Reminders,47
885,Trainer Chat,32
885,Progress Tracking,40
886,Meal Plan,19
886,Reminders,14
886,Trainer Chat,28
886,Workout Videos,2
886,Progress Tracking,17
887,Reminders,4
888,Meal Plan,38
888,Reminders,16
888,Trainer Chat,44
888,Progress Tracking,13
888,Workout Videos,39
889,Workout Videos,32
889,Trainer Chat,20
889,Progress Tracking,41
889,Meal Plan,45
889,Reminders,41
890,Progress Tracking,6
890,Workout Videos,8
890,Trainer Chat,10
891,Reminders,11
892,Trainer Chat,41
893,Trainer Chat,6
893,Reminders,1
893,Workout Videos,2
894,Progress Tracking,9
894,Trainer Chat,45
895,Workout Videos,25
895,Reminders,44
895,Meal Plan,35
895,Progress Tracking,6
896,Workout Videos,27
897,Progress Tracking,42
897,Trainer Chat,3
897,Meal Plan,29
897,Workout Videos,20
897,Reminders,11
898,Trainer Chat,37
898,Progress Tracking,45
898,Workout Videos,37
898,Reminders,39
899,Reminders,40
899,Progress Tracking,24
900,Progress Tracking,26
901,Progress Tracking,19
901,Reminders,9
902,Trainer Chat,46
902,Meal Plan,36
903,Reminders,33
904,Reminders,38
904,Trainer Chat,50
904,Meal Plan,47
904,Workout Videos,40
905,Meal Plan,1
905,Workout Videos,41
905,Progress Tracking,4
906,Workout Videos,3
906,Reminders,45
906,Trainer Chat,28
906,Meal Plan,1
907,Workout Videos,16
907,Meal Plan,18
907,Trainer Chat,47
907,Progress Tracking,23
908,Reminders,22
908,Workout Videos,11
908,Meal Plan,7
909,Progress Tracking,43
909,Reminders,36
909,Meal Plan,3
909,Trainer Chat,8
910,Meal Plan,10
910,Trainer Chat,40
910,Workout Videos,35
911,Workout Videos,4
911,Meal Plan,10
911,Reminders,37
911,Progress Tracking,39
911,Trainer Chat,41
912,Workout Videos,12
912,Reminders,6
912,Trainer Chat,11
912,Meal Plan,32
913,Meal Plan,49
913,Reminders,7
914,Progress Tracking,25
915,Trainer Chat,17
915,Workout Videos,1
915,Progress Tracking,37
916,Meal Plan,27
916,Trainer Chat,9
916,Reminders,39
917,Trainer Chat,49
918,Progress Tracking,8
918,Reminders,22
919,Progress Tracking,48
919,Workout Videos,32
919,Trainer Chat,33
920,Trainer Chat,26
920,Progress Tracking,41
920,Reminders,3
921,Progress Tracking,40
922,Workout Videos,32
922,Reminders,31
922,Meal Plan,27
922,Trainer Chat,37
922,Progress Tracking,8
923,Meal Plan,7
924,Workout Videos,1
924,Meal Plan,45
924,Trainer Chat,30
924,Progress Tracking,21
925,Progress Tracking,45
925,Reminders,36
925,Trainer Chat,16
925,Meal Plan,47
926,Reminders,27
926,Workout Videos,14
926,Meal Plan,15
926,Trainer Chat,8
926,Progress Tracking,16
927,Reminders,32
927,Workout Videos,16
928,Trainer Chat,16
928,Progress Tracking,29
928,Workout Videos,3
928,Reminders,48
929,Meal Plan,21
929,Workout Videos,16
930,Meal Plan,26
930,Trainer Chat,11
930,Progress Tracking,1
931,Reminders,2
932,Progress Tracking,45
932,Meal Plan,26
933,Progress Tracking,15
933,Reminders,37
933,Meal Plan,8
933,Workout Videos,40
934,Progress Tracking,43
934,Trainer Chat,5
934,Meal Plan,9
935,Trainer Chat,5
935,Progress Tracking,48
936,Progress Tracking,27
937,Workout Videos,2
937,Meal Plan,33
937,Reminders,15
937,Progress Tracking,5
938,Trainer Chat,20
938,Meal Plan,26
938,Reminders,45
938,Workout Videos,31
939,Progress Tracking,32
939,Reminders,3
940,Trainer Chat,49
940,Reminders,50
941,Trainer Chat,25
941,Progress Tracking,13
941,Meal Plan,10
942,Workout Videos,29
942,Reminders,31
942,Meal Plan,34
942,Trainer Chat,8
942,Progress Tracking,35
943,Reminders,40
943,Meal Plan,32
943,Progress Tracking,33
943,Trainer Chat,2
943,Workout Videos,33
944,Progress Tracking,27
944,Reminders,30
944,Trainer Chat,13
944,Workout Videos,35
945,Reminders,24
945,Workout Videos,25
946,Workout Videos,35
947,Reminders,43
947,Trainer Chat,14
947,Meal Plan,46
947,Workout Videos,20
947,Progress Tracking,1
948,Reminders,49
948,Meal Plan,49
949,Progress Tracking,34
949,Meal Plan,16
949,Reminders,12
950,Trainer Chat,45
951,Workout Videos,46
951,Trainer Chat,28
951,Progress Tracking,27
952,Reminders,12
952,Progress Tracking,37
952,Trainer Chat,24
953,Workout Videos,34
954,Meal Plan,30
954,Workout Videos,8
954,Reminders,45
955,Trainer Chat,15
955,Progress Tracking,14
955,Meal Plan,24
956,Progress Tracking,23
956,Trainer Chat,29
957,Trainer Chat,21
957,Workout Videos,49
957,Meal Plan,26
958,Reminders,47
958,Trainer Chat,1
958,Progress Tracking,24
959,Reminders,36
960,Reminders,48
960,Progress Tracking,42
960,Workout Videos,6
960,Trainer Chat,4
960,Meal Plan,5
961,Trainer Chat,26
961,Progress Tracking,33
961,Reminders,17
961,Meal Plan,41
961,Workout Videos,43
962,Meal Plan,15
962,Reminders,18
962,Trainer Chat,1
962,Progress Tracking,35
963,Trainer Chat,14
964,Progress Tracking,19
964,Trainer Chat,35
964,Workout Videos,11
964,Reminders,35
964,Meal Plan,26
965,Trainer Chat,31
965,Workout Videos,9
965,Meal Plan,48
965,Progress Tracking,14
965,Reminders,30
966,Reminders,34
966,Trainer Chat,30
967,Reminders,38
967,Trainer Chat,19
967,Workout Videos,49
967,Progress Tracking,41
967,Meal Plan,35
968,Workout Videos,43
968,Reminders,38
968,Meal Plan,6
968,Trainer Chat,40
968,Progress Tracking,4
969,Progress Tracking,25
969,Reminders,32
970,Progress Tracking,37
970,Reminders,50
970,Workout Videos,47
971,Reminders,40
972,Meal Plan,16
972,Workout Videos,24
973,Progress Tracking,48
973,Trainer Chat,42
973,Workout Videos,7
974,Progress Tracking,42
975,Progress Tracking,29
976,Reminders,46
976,Progress Tracking,48
977,Progress Tracking,35
977,Trainer Chat,4
977,Reminders,2
977,Workout Videos,41
978,Reminders,23
978,Workout Videos,10
978,Meal Plan,17
979,Meal Plan,14
979,Workout Videos,49
979,Trainer Chat,12
979,Reminders,27
979,Progress Tracking,4
980,Reminders,27
980,Trainer Chat,41
980,Workout Videos,16
980,Progress Tracking,39
981,Workout Videos,14
982,Trainer Chat,8
982,Reminders,48
982,Meal Plan,26
983,Trainer Chat,35
984,Reminders,46
984,Progress Tracking,14
985,Meal Plan,32
985,Workout Videos,40
986,Workout Videos,33
986,Reminders,37
986,Progress Tracking,18
986,Meal Plan,6
986,Trainer Chat,16
987,Meal Plan,6
987,Reminders,43
987,Workout Videos,30
987,Trainer Chat,17
987,Progress Tracking,6
988,Meal Plan,40
988,Workout Videos,41
988,Trainer Chat,33
988,Reminders,38
988,Progress Tracking,4
989,Trainer Chat,48
990,Meal Plan,18
990,Reminders,50
990,Progress Tracking,36
990,Workout Videos,27
991,Progress Tracking,29
991,Workout Videos,42
991,Trainer Chat,33
991,Reminders,9
992,Reminders,2
992,Trainer Chat,23
992,Progress Tracking,37
993,Workout Videos,16
993,Reminders,3
993,Progress Tracking,10
994,Workout Videos,3
994,Meal Plan,46
994,Progress Tracking,20
994,Trainer Chat,23
995,Progress Tracking,43
996,Workout Videos,30
996,Reminders,44
997,Trainer Chat,7
997,Meal Plan,8
997,Workout Videos,46
997,Reminders,39
997,Progress Tracking,34
998,Workout Videos,25
999,Meal Plan,24
999,Progress Tracking,16
999,Trainer Chat,22
999,Reminders,31
999,Workout Videos,40
1000,Progress Tracking,23
1000,Trainer Chat,13
1000,Reminders,19
1000,Meal Plan,9
1000,Workout Videos,5
