user_id,name,age,gender,join_date,last_active_date,subscription_plan,monthly_fee,churn
1,Amy Preston,38,Female,2023-08-22,2025-02-05,Quarterly,449,True
2,Aaron Stokes,35,Male,2025-04-14,2024-07-16,Quarterly,449,True
3,Tracy Ferguson,35,Male,2023-09-05,2025-05-11,Monthly,499,True
4,John Gomez,28,Female,2024-06-01,2025-02-11,Monthly,499,True
5,Gary Wilson,55,Other,2025-03-07,2025-06-07,Monthly,499,False
6,Evan Parker,44,Other,2024-11-18,2024-06-20,Free,0,True
7,Karen Hall,51,Female,2024-09-08,2025-02-07,Quarterly,449,True
8,Corey Smith,54,Male,2024-05-15,2024-07-20,Monthly,499,True
9,Tamara Perry,38,Female,2025-05-04,2024-07-27,Quarterly,449,True
10,David Mcclure,19,Female,2024-12-10,2025-03-21,Free,0,True
11,Bryan Chapman,38,Male,2023-07-14,2024-10-09,Quarterly,449,True
12,Adam Knapp,41,Male,2024-06-24,2025-04-10,Quarterly,449,True
13,Sierra Smith,42,Male,2024-07-08,2024-08-31,Yearly,399,True
14,John Miller,31,Other,2024-09-23,2024-07-13,Quarterly,449,True
15,Paul Goodwin,30,Other,2023-11-20,2025-01-13,Monthly,499,True
16,Joshua Bryant,27,Other,2025-04-03,2025-02-21,Yearly,399,True
17,Joseph Chambers,28,Female,2023-10-24,2025-03-21,Quarterly,449,True
18,Brendan Frost,52,Male,2024-02-08,2025-06-15,Yearly,399,False
19,Johnny Garcia,21,Male,2023-08-18,2025-04-02,Monthly,499,True
20,Rodney Sanders,40,Other,2023-09-18,2024-07-29,Quarterly,449,True
21,Michelle Freeman,25,Other,2023-08-31,2024-09-24,Quarterly,449,True
22,Chelsea Tucker,29,Female,2023-08-26,2025-02-24,Monthly,499,True
23,Amanda Hart,29,Female,2023-10-08,2025-05-08,Yearly,399,True
24,Rebecca Freeman,43,Female,2024-07-12,2024-07-28,Free,0,True
25,Cheyenne Watson,40,Other,2024-05-02,2024-10-07,Monthly,499,True
26,Sierra Marshall,54,Male,2024-08-18,2025-05-25,Free,0,False
27,John Guerrero,47,Female,2024-12-11,2025-03-17,Quarterly,449,True
28,Jennifer Perez,36,Other,2024-06-19,2024-10-07,Monthly,499,True
29,Kimberly Long,35,Other,2025-02-04,2024-09-15,Quarterly,449,True
30,Tony Wu,36,Male,2023-10-23,2024-10-08,Quarterly,449,True
31,Russell Diaz,37,Other,2024-01-24,2025-03-14,Quarterly,449,True
32,Kevin Collins,26,Other,2024-11-21,2024-11-06,Monthly,499,True
33,Mary Warner,51,Other,2023-09-15,2024-11-02,Quarterly,449,True
34,Kevin Dunn,39,Female,2024-08-20,2024-07-31,Yearly,399,True
35,James Fitzpatrick,51,Other,2024-03-12,2024-09-17,Quarterly,449,True
36,Angela Fitzgerald,19,Male,2023-11-08,2025-05-30,Monthly,499,False
37,Melissa Whitney,50,Other,2023-07-05,2024-12-21,Monthly,499,True
38,Denise Gomez,43,Other,2024-06-28,2025-01-03,Quarterly,449,True
39,Madeline Smith,20,Other,2025-01-03,2025-01-01,Quarterly,449,True
40,Sheryl Pennington,27,Female,2024-02-21,2024-11-17,Yearly,399,True
41,Diana Graham,22,Female,2024-08-29,2025-06-11,Quarterly,449,False
42,Jeffrey Brown,44,Female,2024-10-30,2024-06-18,Monthly,499,True
43,Angela Ortiz MD,48,Female,2024-02-14,2024-06-18,Quarterly,449,True
44,Karen Morris,26,Other,2025-03-16,2024-11-26,Quarterly,449,True
45,Ryan Garcia,50,Female,2024-07-14,2024-08-06,Monthly,499,True
46,Kevin Tran II,38,Male,2025-02-10,2025-04-11,Monthly,499,True
47,Kelly Baker,43,Female,2025-04-06,2024-07-24,Monthly,499,True
48,Nancy Weaver,31,Other,2024-04-05,2025-01-18,Yearly,399,True
49,Mary Thompson,43,Male,2025-04-15,2024-12-23,Free,0,True
50,Terry Acosta,42,Female,2024-11-30,2025-04-02,Quarterly,449,True
51,Cynthia Myers,30,Female,2025-01-09,2024-07-30,Monthly,499,True
52,Andrew Soto,25,Other,2023-10-28,2025-02-12,Yearly,399,True
53,Tiffany Leonard,40,Other,2024-10-28,2024-11-18,Quarterly,449,True
54,Randy Diaz,48,Female,2024-09-30,2024-09-22,Quarterly,449,True
55,Timothy Hamilton,48,Other,2023-11-14,2024-08-09,Quarterly,449,True
56,Kim Hernandez,28,Other,2024-08-10,2025-06-07,Yearly,399,False
57,Jeffery Howell,28,Female,2024-08-20,2024-07-17,Monthly,499,True
58,Cassandra Ramirez,24,Male,2024-05-01,2025-05-28,Free,0,False
59,David Larson,48,Other,2023-09-19,2025-06-16,Free,0,False
60,Jeffrey Smith,42,Female,2024-07-31,2025-03-29,Monthly,499,True
61,Katie Mitchell,49,Male,2023-11-17,2024-08-13,Monthly,499,True
62,Kenneth Burton,43,Male,2025-03-17,2024-09-06,Quarterly,449,True
63,Jeffrey Flores,48,Female,2024-02-12,2025-01-10,Quarterly,449,True
64,Brooke Thompson,21,Other,2025-03-23,2024-07-05,Free,0,True
65,Mariah Cunningham,35,Other,2024-10-13,2024-08-16,Monthly,499,True
66,Robert Alvarez,20,Other,2023-12-19,2025-01-15,Free,0,True
67,Devin Pacheco,37,Other,2024-02-12,2025-03-01,Monthly,499,True
68,Sarah Roberson,43,Other,2024-03-06,2024-12-20,Yearly,399,True
69,Anthony Ibarra,41,Other,2024-06-24,2025-06-14,Free,0,False
70,Kathryn Jenkins,26,Other,2025-05-06,2025-04-29,Yearly,399,True
71,Gina Brown,29,Other,2024-01-11,2024-10-14,Monthly,499,True
72,James Collier,23,Female,2023-07-14,2024-10-27,Quarterly,449,True
73,Brett Johnson,41,Male,2024-12-25,2025-05-24,Monthly,499,False
74,Marilyn Lee,54,Other,2023-11-06,2025-05-08,Monthly,499,True
75,Paul Pena,47,Female,2025-01-18,2025-02-08,Yearly,399,True
76,Mary Reynolds,47,Male,2024-01-18,2025-04-15,Monthly,499,True
77,Luis Cook,54,Male,2025-02-19,2024-10-02,Monthly,499,True
78,Michael Villarreal,44,Other,2024-05-15,2024-11-28,Monthly,499,True
79,Natalie Ramirez,30,Other,2024-05-12,2024-12-01,Yearly,399,True
80,Susan Hughes,27,Female,2024-05-08,2024-12-02,Quarterly,449,True
81,John Lopez,39,Male,2024-02-16,2025-01-06,Free,0,True
82,Stephen Smith,46,Female,2024-04-25,2024-11-04,Yearly,399,True
83,Tony Jones,49,Male,2025-04-24,2025-01-25,Free,0,True
84,Sandra Oneal,37,Female,2023-11-15,2024-11-11,Monthly,499,True
85,Chelsey Mccullough,48,Other,2023-11-30,2024-09-05,Quarterly,449,True
86,Danny Anderson,34,Male,2024-07-09,2024-11-02,Quarterly,449,True
87,Christopher Foster,55,Male,2024-09-18,2024-12-12,Yearly,399,True
88,Justin Woods,36,Female,2024-07-11,2024-06-22,Monthly,499,True
89,Patrick Koch,37,Other,2025-02-06,2024-06-18,Monthly,499,True
90,Stacey Frank,20,Female,2025-03-09,2025-05-04,Quarterly,449,True
91,Jacob Collins,25,Female,2024-01-01,2025-04-04,Free,0,True
92,Tony Gross,47,Other,2024-08-14,2025-05-22,Quarterly,449,False
93,Curtis Brown,45,Male,2023-09-30,2025-06-12,Monthly,499,False
94,Diane Anthony,48,Female,2023-07-04,2025-03-19,Free,0,True
95,Bryan Cooper,31,Male,2025-03-11,2025-02-05,Monthly,499,True
96,Leah Robinson,52,Female,2025-04-04,2024-10-24,Monthly,499,True
97,Wendy Rogers,28,Other,2025-01-16,2024-12-07,Monthly,499,True
98,Daniel Williams,53,Other,2023-11-23,2025-04-01,Monthly,499,True
99,Andrea Farmer,26,Other,2024-09-02,2025-06-16,Quarterly,449,False
100,Karen Griffith,47,Male,2024-05-28,2024-11-22,Quarterly,449,True
101,William Payne,19,Male,2023-12-26,2025-03-09,Free,0,True
102,Stephanie James,50,Other,2025-01-14,2025-02-01,Free,0,True
103,Joseph Johnson,45,Female,2024-02-03,2024-11-25,Free,0,True
104,Craig Lee,49,Male,2024-02-07,2024-12-26,Quarterly,449,True
105,Joshua Lopez,49,Male,2023-08-23,2024-08-04,Monthly,499,True
106,Daniel Hayes,41,Female,2024-10-17,2025-06-07,Free,0,False
107,Margaret Whitehead,18,Female,2023-12-08,2025-01-05,Monthly,499,True
108,Stephanie Vaughan,55,Other,2023-12-04,2024-11-26,Monthly,499,True
109,Katherine Wilson,54,Male,2023-12-30,2025-04-18,Monthly,499,True
110,Donald Bennett MD,20,Male,2024-12-08,2024-12-21,Quarterly,449,True
111,Spencer Baker,21,Other,2024-04-22,2024-12-24,Free,0,True
112,Kenneth Gillespie,26,Male,2024-06-15,2024-06-25,Yearly,399,True
113,Lisa Underwood,43,Female,2024-12-02,2024-10-09,Monthly,499,True
114,Tamara Phillips,21,Female,2025-04-04,2025-04-06,Monthly,499,True
115,Philip Watson,52,Female,2024-04-08,2024-06-25,Quarterly,449,True
116,Kaitlyn Hunter,37,Other,2024-10-18,2024-07-03,Yearly,399,True
117,Richard Mcfarland,35,Female,2024-03-25,2024-06-19,Monthly,499,True
118,Karen Lopez,24,Female,2023-10-09,2025-05-08,Free,0,True
119,Michelle Wade,51,Male,2023-11-28,2025-01-06,Yearly,399,True
120,Jason Montes,30,Other,2024-01-28,2025-04-26,Free,0,True
121,Andrew Parker,21,Male,2023-06-18,2025-04-16,Yearly,399,True
122,Randy Allen,19,Female,2025-04-19,2025-02-09,Free,0,True
123,Blake Boone,32,Female,2023-10-22,2024-06-26,Quarterly,449,True
124,Levi Richards,21,Other,2024-02-03,2024-12-15,Monthly,499,True
125,Zachary Buckley,48,Other,2024-05-27,2025-05-07,Free,0,True
126,Ryan Walters,31,Other,2025-03-03,2024-10-07,Quarterly,449,True
127,Austin Moore,34,Male,2024-10-22,2025-03-29,Monthly,499,True
128,Felicia Thomas,55,Female,2023-11-04,2025-04-23,Yearly,399,True
129,Susan Moore,45,Male,2024-03-25,2024-11-15,Yearly,399,True
130,Kendra Thomas,50,Female,2024-10-17,2024-12-31,Yearly,399,True
131,Mr. Rodney James,48,Female,2023-10-17,2025-02-20,Quarterly,449,True
132,Diane Nguyen,20,Male,2024-12-14,2025-03-16,Monthly,499,True
133,Scott Trujillo,34,Male,2024-04-29,2024-06-23,Monthly,499,True
134,Larry Rodriguez,52,Male,2025-04-09,2024-06-17,Monthly,499,True
135,Bryan Zuniga,47,Male,2023-07-31,2024-10-04,Free,0,True
136,Linda Vance,54,Other,2024-06-08,2024-08-17,Quarterly,449,True
137,John Gomez,23,Female,2024-02-09,2024-07-27,Monthly,499,True
138,Sheila Lewis,31,Female,2024-05-20,2025-06-12,Free,0,False
139,George Singh,39,Other,2023-09-19,2024-10-08,Quarterly,449,True
140,Brandon Parks,18,Female,2025-04-25,2025-01-31,Monthly,499,True
141,Kyle Harris,46,Female,2024-05-29,2025-05-22,Quarterly,449,False
142,Amanda Madden,35,Male,2023-06-19,2024-12-06,Free,0,True
143,Terry Pugh,23,Female,2024-04-20,2024-11-14,Yearly,399,True
144,Marc Solis,37,Female,2024-05-02,2025-02-22,Yearly,399,True
145,Michael Fleming,44,Female,2025-02-15,2024-10-10,Free,0,True
146,Michael Davis,31,Female,2024-05-27,2025-05-09,Yearly,399,True
147,Derek Mora,29,Female,2025-04-07,2024-07-05,Quarterly,449,True
148,Bonnie Wong,24,Male,2023-12-08,2024-10-02,Quarterly,449,True
149,Ryan Gomez,43,Female,2024-05-30,2025-04-29,Monthly,499,True
150,Evelyn Bennett,41,Female,2023-10-10,2024-07-21,Monthly,499,True
151,Derrick Montgomery,31,Female,2024-07-04,2024-07-13,Free,0,True
152,Madison Patterson,53,Male,2024-11-27,2025-03-17,Monthly,499,True
153,George Rosales,41,Other,2025-04-26,2024-09-27,Monthly,499,True
154,Tyler Harper,50,Male,2024-11-15,2025-04-07,Yearly,399,True
155,Randall Nelson,49,Male,2025-06-03,2025-04-08,Yearly,399,True
156,Mitchell Garcia,38,Other,2024-07-06,2024-08-24,Quarterly,449,True
157,Lisa White,51,Male,2023-10-04,2024-07-30,Monthly,499,True
158,Derrick Harding,44,Male,2024-04-30,2024-12-29,Free,0,True
159,Valerie Miller,54,Female,2024-07-05,2025-06-15,Quarterly,449,False
160,Kelly Carter,20,Other,2024-11-12,2024-08-14,Monthly,499,True
161,Ashley Krueger,30,Female,2023-12-24,2025-03-12,Monthly,499,True
162,Sydney Klein,47,Other,2023-09-26,2024-09-08,Quarterly,449,True
163,Kristen Allison,25,Male,2023-07-18,2024-07-17,Monthly,499,True
164,Chad Anderson,24,Female,2024-02-09,2024-12-18,Yearly,399,True
165,William Morgan,41,Other,2024-03-06,2025-06-01,Quarterly,449,False
166,Michael Pham,21,Other,2025-05-21,2025-05-23,Monthly,499,False
167,Samantha Nash,29,Male,2023-11-07,2025-03-16,Yearly,399,True
168,Kathleen Oneal,26,Male,2023-11-29,2025-01-30,Quarterly,449,True
169,Hailey Banks,31,Female,2024-03-01,2025-03-14,Yearly,399,True
170,Paul Byrd,46,Male,2024-01-07,2024-12-07,Monthly,499,True
171,Mr. Allen Ball MD,22,Female,2024-07-29,2024-10-12,Monthly,499,True
172,Julian Spencer,55,Other,2025-01-11,2025-02-26,Monthly,499,True
173,Derek Howell,37,Male,2025-02-10,2025-02-01,Quarterly,449,True
174,Peter Lin,29,Other,2025-01-29,2025-02-11,Quarterly,449,True
175,Kenneth Howard,51,Female,2024-07-09,2024-12-04,Quarterly,449,True
176,Paul Roberts,20,Other,2024-07-14,2024-08-10,Monthly,499,True
177,Luis Ashley,35,Male,2025-01-03,2025-05-04,Monthly,499,True
178,Scott Trujillo,42,Male,2025-01-05,2024-09-30,Monthly,499,True
179,Allison Roberson,31,Other,2023-08-16,2024-07-03,Free,0,True
180,Tammy Quinn,28,Other,2025-06-05,2024-08-28,Quarterly,449,True
181,Megan Rodriguez,45,Female,2025-01-22,2025-04-06,Yearly,399,True
182,Cheryl Riley,24,Other,2025-05-18,2025-04-02,Free,0,True
183,Sue Jenkins,32,Female,2023-10-20,2024-12-24,Monthly,499,True
184,Brenda Gibson DDS,46,Male,2023-12-25,2025-03-13,Yearly,399,True
185,Charles Harrison,40,Other,2024-11-02,2024-11-15,Free,0,True
186,Scott Diaz,41,Other,2024-10-06,2024-11-14,Free,0,True
187,Kayla Stark,37,Female,2023-12-25,2025-02-16,Yearly,399,True
188,Carolyn Payne,48,Other,2023-12-20,2025-01-03,Monthly,499,True
189,Christy Ramirez,29,Male,2024-11-16,2024-07-09,Quarterly,449,True
190,Matthew Galvan,50,Male,2023-10-18,2025-03-06,Monthly,499,True
191,Thomas Smith,32,Male,2023-07-06,2025-03-27,Quarterly,449,True
192,Cheyenne Castaneda,18,Other,2023-12-12,2025-01-14,Monthly,499,True
193,James Fields,39,Other,2024-10-03,2025-04-11,Free,0,True
194,Jeremy Ellison,32,Male,2025-02-17,2025-02-24,Yearly,399,True
195,Jessica Rodriguez,38,Female,2025-01-28,2025-04-26,Monthly,499,True
196,Gina Peterson,46,Female,2025-01-22,2024-07-03,Monthly,499,True
197,Susan Dawson,52,Female,2025-03-21,2024-09-14,Yearly,399,True
198,Christopher Smith,35,Male,2024-01-12,2025-04-03,Free,0,True
199,Holly Liu,41,Female,2024-01-23,2024-12-10,Quarterly,449,True
200,Kimberly Carter,53,Other,2023-10-22,2024-12-10,Yearly,399,True
201,Tracy Dyer,55,Other,2024-04-30,2024-07-14,Free,0,True
202,Alexandra King,23,Other,2025-02-11,2024-09-19,Monthly,499,True
203,Ashley Neal,55,Female,2023-10-17,2025-05-24,Monthly,499,False
204,Amy Morales,51,Other,2024-09-15,2024-07-11,Yearly,399,True
205,April Lane,52,Other,2025-04-12,2024-12-07,Monthly,499,True
206,Jeremy Ramirez,43,Male,2023-11-29,2024-08-03,Free,0,True
207,Lisa Martin,33,Male,2024-08-24,2024-12-04,Monthly,499,True
208,Helen Andrews,28,Other,2024-01-15,2025-02-16,Free,0,True
209,Sally Mcguire,46,Male,2024-06-15,2025-03-25,Yearly,399,True
210,Antonio Diaz,47,Male,2023-08-23,2025-05-07,Yearly,399,True
211,Mr. Jacob Perkins,44,Male,2025-05-17,2024-12-18,Monthly,499,True
212,Cody Kelly,31,Other,2023-12-25,2024-10-14,Monthly,499,True
213,Lori Williams,18,Male,2024-09-28,2025-04-22,Free,0,True
214,Christopher Tran,54,Other,2024-05-16,2025-02-09,Yearly,399,True
215,Andrea Christian,21,Other,2024-04-18,2025-02-02,Quarterly,449,True
216,Clarence Lewis,18,Other,2024-01-28,2024-07-05,Monthly,499,True
217,Donna Branch,43,Female,2024-04-17,2025-01-04,Monthly,499,True
218,Joel Woodward,26,Male,2024-01-30,2024-10-30,Quarterly,449,True
219,Ruth Gonzalez,30,Male,2025-02-14,2024-09-25,Free,0,True
220,Michelle Scott,24,Other,2024-12-30,2025-02-20,Monthly,499,True
221,Nathan Jacobs,22,Male,2024-05-02,2025-05-07,Free,0,True
222,Emily Mejia,52,Other,2025-01-17,2024-08-31,Monthly,499,True
223,Rebecca Olson,35,Female,2023-09-07,2024-06-20,Yearly,399,True
224,Elijah Harrison,38,Male,2024-02-17,2024-10-27,Yearly,399,True
225,Courtney Wright,25,Male,2023-10-21,2025-02-28,Yearly,399,True
226,Marilyn Lawrence,29,Male,2024-03-10,2024-12-10,Monthly,499,True
227,Christine Stanley,39,Other,2024-08-07,2025-04-14,Yearly,399,True
228,Jessica Baxter,24,Male,2023-09-07,2024-10-05,Free,0,True
229,Cassandra Evans,35,Other,2023-09-29,2024-11-28,Monthly,499,True
230,Katie Swanson,32,Male,2024-10-07,2024-12-30,Monthly,499,True
231,Danielle Nguyen,52,Female,2024-03-15,2024-11-05,Free,0,True
232,James Glenn,47,Female,2024-08-23,2024-11-07,Free,0,True
233,Crystal Savage,24,Female,2024-11-02,2024-07-30,Yearly,399,True
234,Mark Espinoza,34,Male,2025-05-22,2025-06-01,Monthly,499,False
235,James Gibson,43,Other,2024-10-10,2025-04-27,Monthly,499,True
236,Jamie Jones,46,Male,2025-04-26,2024-11-08,Quarterly,449,True
237,Catherine Cabrera,27,Female,2025-04-08,2025-05-23,Quarterly,449,False
238,Deanna Davis,20,Female,2024-10-28,2024-10-28,Quarterly,449,True
239,Roger Brown,22,Other,2024-09-15,2025-05-19,Quarterly,449,True
240,Allison Palmer,26,Male,2024-05-11,2025-06-16,Free,0,False
241,Eric Mckinney,39,Other,2025-05-16,2024-09-15,Quarterly,449,True
242,Debbie Reed,39,Female,2024-11-17,2025-04-23,Quarterly,449,True
243,Robert Perez,48,Other,2024-12-12,2025-03-24,Free,0,True
244,Daniel Ortiz,27,Female,2024-10-25,2024-08-23,Monthly,499,True
245,Patrick Williams,53,Other,2024-01-24,2024-12-14,Quarterly,449,True
246,James Wilson,46,Female,2025-04-04,2025-05-27,Monthly,499,False
247,Angela Lambert,34,Female,2024-12-22,2024-09-18,Quarterly,449,True
248,Claudia Campbell MD,23,Other,2023-09-24,2025-02-18,Monthly,499,True
249,Patrick Stephens,34,Other,2025-04-26,2025-03-09,Free,0,True
250,Aaron Baker,25,Female,2023-11-21,2024-08-21,Monthly,499,True
251,Caleb Kaiser,26,Male,2025-02-27,2025-06-16,Monthly,499,False
252,Jose Murphy,28,Male,2025-04-29,2025-02-08,Free,0,True
253,Jason Pham,47,Female,2024-09-12,2025-03-18,Quarterly,449,True
254,Jennifer Davenport,41,Male,2023-06-18,2025-01-29,Quarterly,449,True
255,Alexander Taylor,20,Male,2024-05-25,2024-10-26,Monthly,499,True
256,Shannon Spence,23,Male,2024-01-22,2024-07-14,Yearly,399,True
257,Alexander Phillips,37,Other,2023-11-19,2024-11-24,Monthly,499,True
258,Ralph Sandoval,34,Other,2023-10-01,2025-03-27,Monthly,499,True
259,David Fritz,55,Other,2023-08-21,2024-09-12,Monthly,499,True
260,Joe Erickson,24,Male,2023-07-24,2025-05-11,Free,0,True
261,Christine Boyer,25,Other,2024-10-23,2024-10-31,Quarterly,449,True
262,Heather Williams,24,Male,2025-05-09,2025-01-25,Free,0,True
263,Andrew Day,42,Female,2023-11-06,2025-04-20,Quarterly,449,True
264,Darren Jones,27,Other,2024-09-26,2025-06-07,Quarterly,449,False
265,Rickey Pierce,32,Male,2024-05-09,2025-02-11,Quarterly,449,True
266,Christian Smith,54,Other,2024-04-27,2025-06-12,Monthly,499,False
267,Kelly Brooks,30,Male,2024-12-12,2025-04-12,Monthly,499,True
268,Gordon Stephenson,38,Male,2024-06-17,2024-07-16,Quarterly,449,True
269,Brian Golden,18,Other,2023-11-26,2024-07-31,Monthly,499,True
270,Sierra Mendoza,51,Male,2024-05-09,2024-07-02,Yearly,399,True
271,Linda Gill,41,Male,2023-07-30,2024-08-13,Quarterly,449,True
272,Karen Williams,21,Female,2024-10-08,2025-04-05,Free,0,True
273,Jason Contreras,29,Male,2023-12-31,2024-06-30,Monthly,499,True
274,Kathy Carroll,41,Other,2024-02-15,2025-03-16,Quarterly,449,True
275,Steven Schultz,45,Male,2025-03-29,2025-06-07,Monthly,499,False
276,Samuel Huang,21,Male,2024-08-27,2024-09-09,Free,0,True
277,Jessica Arnold,46,Male,2024-10-01,2024-11-15,Monthly,499,True
278,Bobby Cortez,41,Other,2024-03-26,2024-10-05,Free,0,True
279,John Day,24,Female,2024-07-26,2024-11-04,Monthly,499,True
280,Jeanette Ramsey,47,Male,2023-09-05,2024-10-07,Monthly,499,True
281,Tiffany Williams,23,Male,2025-05-11,2024-10-25,Quarterly,449,True
282,Michael Ramirez,20,Other,2023-11-15,2025-03-23,Monthly,499,True
283,Elizabeth Myers MD,32,Male,2024-06-10,2024-11-12,Free,0,True
284,James Thornton,34,Male,2024-02-13,2024-10-14,Free,0,True
285,Adam Nguyen,42,Female,2024-12-15,2024-11-09,Quarterly,449,True
286,Brent Gonzalez,44,Other,2024-03-18,2025-05-18,Monthly,499,True
287,Brandi Black,33,Other,2024-03-02,2024-12-20,Quarterly,449,True
288,Caroline Steele,29,Other,2025-01-27,2024-10-29,Quarterly,449,True
289,Sarah Palmer,51,Other,2023-11-26,2025-01-05,Free,0,True
290,Kathy Aguilar,27,Other,2024-04-17,2024-06-24,Free,0,True
291,Anthony Walters,37,Other,2024-02-10,2025-02-04,Free,0,True
292,Jonathan Hunter,26,Female,2024-02-17,2024-10-31,Monthly,499,True
293,John Jones,52,Female,2024-06-29,2024-08-11,Free,0,True
294,Jonathan Pena,18,Other,2024-07-27,2024-09-01,Yearly,399,True
295,Kelly Le,54,Other,2024-11-23,2025-04-15,Monthly,499,True
296,Lisa Meyers,53,Other,2023-07-30,2024-08-10,Free,0,True
297,Larry Grant,41,Female,2023-06-19,2024-11-16,Quarterly,449,True
298,Kevin Tanner,44,Other,2025-03-21,2025-01-28,Monthly,499,True
299,Julie Gill,38,Other,2024-10-10,2024-10-28,Free,0,True
300,Claire Cervantes,52,Male,2024-08-19,2025-01-06,Yearly,399,True
301,Justin Robinson,43,Female,2025-04-11,2025-05-03,Monthly,499,True
302,Todd Cunningham,54,Female,2024-06-24,2024-09-22,Free,0,True
303,Sandra Garcia,54,Other,2025-05-02,2025-01-08,Monthly,499,True
304,James Nguyen,25,Other,2025-02-20,2025-04-16,Quarterly,449,True
305,Heather Daniel,52,Female,2023-10-05,2025-03-13,Monthly,499,True
306,Amy Wilkinson,18,Male,2024-08-12,2024-07-15,Free,0,True
307,Wayne Freeman,23,Male,2023-06-21,2025-02-07,Monthly,499,True
308,Jennifer Burch,43,Male,2024-10-19,2025-03-06,Free,0,True
309,Brian White,19,Male,2024-03-16,2024-11-28,Monthly,499,True
310,Deborah Little DVM,54,Female,2025-05-09,2024-09-27,Free,0,True
311,Billy Miller,30,Female,2024-12-06,2025-02-19,Quarterly,449,True
312,Amanda Oliver,44,Other,2025-04-04,2024-06-21,Monthly,499,True
313,Terri Bell,51,Other,2024-04-18,2024-10-02,Monthly,499,True
314,Jonathan Wilson,30,Male,2024-12-20,2024-08-22,Yearly,399,True
315,Nicole Hester,43,Female,2025-02-21,2025-01-15,Quarterly,449,True
316,David Fletcher,50,Male,2023-07-29,2024-11-01,Quarterly,449,True
317,Justin Morris,26,Male,2023-11-22,2025-03-04,Monthly,499,True
318,Michael Gibbs,51,Male,2025-04-20,2024-09-01,Quarterly,449,True
319,Kevin Miller,21,Female,2025-03-17,2024-11-18,Yearly,399,True
320,Claudia Martinez,27,Female,2024-02-02,2025-04-10,Free,0,True
321,Paul Williams,39,Other,2025-05-24,2025-03-24,Free,0,True
322,Shane Gonzalez,26,Male,2025-05-19,2025-05-21,Quarterly,449,False
323,Amanda Phillips,27,Male,2023-08-19,2024-06-23,Yearly,399,True
324,Karen Holden,25,Other,2025-04-01,2024-12-06,Free,0,True
325,Mrs. Catherine Stevens,42,Female,2024-06-18,2025-04-25,Free,0,True
326,Michael Vasquez,55,Other,2024-04-20,2025-03-03,Free,0,True
327,Kelly Schwartz,27,Female,2023-11-30,2024-09-11,Quarterly,449,True
328,Shannon Chan,35,Female,2023-12-27,2024-08-25,Monthly,499,True
329,Angela Ramos,28,Male,2025-01-09,2025-01-01,Monthly,499,True
330,Donna Quinn,52,Female,2024-12-08,2024-07-01,Free,0,True
331,Regina Griffin,46,Male,2024-04-07,2024-08-15,Monthly,499,True
332,Jesse Price,37,Female,2023-07-12,2024-09-05,Monthly,499,True
333,Brian Braun,34,Female,2024-11-15,2024-10-12,Monthly,499,True
334,Alexandria Davis,20,Female,2024-12-24,2025-02-17,Free,0,True
335,Mark Johnson,55,Male,2024-04-01,2025-03-16,Quarterly,449,True
336,Jennifer Houston,39,Male,2024-09-27,2025-06-10,Free,0,False
337,Mr. Steven Carrillo MD,19,Other,2024-10-18,2024-10-08,Yearly,399,True
338,Joshua Wade,47,Male,2025-01-26,2024-12-13,Free,0,True
339,Adam Whitaker,22,Female,2023-12-12,2025-05-21,Quarterly,449,False
340,Charles Velasquez,45,Male,2024-11-27,2024-12-12,Yearly,399,True
341,Sonya Garner,30,Female,2024-03-20,2024-12-01,Monthly,499,True
342,Megan Sanchez,40,Male,2024-03-19,2024-07-25,Yearly,399,True
343,Rachel Smith,45,Other,2024-04-21,2025-05-01,Quarterly,449,True
344,Cynthia Taylor,44,Male,2023-12-07,2025-03-21,Monthly,499,True
345,Thomas Welch,53,Male,2025-03-25,2024-06-22,Monthly,499,True
346,Tara Phillips,23,Other,2023-12-01,2024-11-20,Quarterly,449,True
347,Jose Thomas,43,Other,2023-09-08,2024-10-03,Quarterly,449,True
348,Jeremy Jones MD,21,Other,2024-07-31,2025-05-23,Monthly,499,False
349,Sarah Jordan,19,Male,2023-09-25,2025-01-03,Free,0,True
350,Jessica Clark,25,Male,2023-11-14,2025-05-01,Monthly,499,True
351,Brenda Valdez,33,Female,2024-03-07,2025-04-19,Free,0,True
352,Ronald Mcmillan,29,Female,2023-07-18,2025-01-23,Monthly,499,True
353,Amanda Valdez,26,Male,2025-04-10,2025-03-29,Monthly,499,True
354,Debra Johnson,47,Male,2025-01-20,2025-03-19,Free,0,True
355,Heather Terrell,52,Male,2025-03-17,2025-02-19,Yearly,399,True
356,Patrick Davis,50,Other,2025-04-17,2024-12-24,Quarterly,449,True
357,Crystal Walton,53,Other,2023-10-23,2024-11-01,Free,0,True
358,Rhonda Parker,22,Male,2024-08-31,2024-09-02,Monthly,499,True
359,Jennifer Taylor,34,Female,2023-07-21,2024-12-02,Yearly,399,True
360,Robert Martinez,33,Female,2024-11-04,2025-06-09,Quarterly,449,False
361,Cheryl Wells,40,Male,2024-03-15,2024-06-18,Monthly,499,True
362,Jonathan Williams,42,Female,2024-03-13,2025-02-24,Quarterly,449,True
363,Sonya Turner,22,Male,2023-07-31,2024-07-14,Quarterly,449,True
364,David Sampson DVM,49,Female,2025-04-29,2025-05-14,Monthly,499,True
365,Peggy Schmidt,41,Male,2024-11-23,2024-09-23,Monthly,499,True
366,Leah Berg,33,Other,2024-05-12,2025-01-22,Quarterly,449,True
367,Pamela Thomas,54,Female,2025-01-24,2024-06-17,Free,0,True
368,Richard Hernandez,26,Male,2024-05-17,2024-12-22,Quarterly,449,True
369,James Fitzpatrick,24,Male,2023-12-21,2024-11-07,Monthly,499,True
370,Sarah Huang,50,Female,2024-01-05,2025-03-24,Monthly,499,True
371,Cameron Le,23,Other,2023-12-16,2025-05-11,Quarterly,449,True
372,Paula Gomez,48,Female,2025-05-14,2024-10-13,Free,0,True
373,Courtney Howe,43,Male,2024-10-07,2025-05-19,Monthly,499,True
374,Gwendolyn Scott,34,Male,2024-07-04,2024-06-30,Yearly,399,True
375,Daniel Fuller,34,Other,2024-02-16,2024-12-07,Monthly,499,True
376,Ruth Scott,27,Other,2024-09-16,2024-10-02,Monthly,499,True
377,Dustin Hughes,36,Male,2024-11-28,2024-07-30,Quarterly,449,True
378,Dale Smith,53,Female,2024-01-11,2025-06-09,Free,0,False
379,David Phillips,41,Male,2023-11-22,2024-06-25,Free,0,True
380,Jordan Brown,24,Female,2024-09-10,2024-12-31,Monthly,499,True
381,Donald Mcgrath,50,Female,2023-11-17,2024-09-24,Yearly,399,True
382,Heather Washington,25,Other,2025-03-15,2025-01-31,Quarterly,449,True
383,Julie Sanchez,54,Other,2023-12-09,2025-04-18,Monthly,499,True
384,Leslie Smith,54,Other,2024-03-05,2025-05-21,Quarterly,449,False
385,David Curry,52,Other,2024-07-13,2024-07-12,Yearly,399,True
386,Robert Alvarez,39,Male,2023-12-09,2025-06-13,Free,0,False
387,Ashley Salazar,27,Other,2024-02-05,2025-05-06,Monthly,499,True
388,Michael Vazquez,38,Other,2024-04-03,2025-03-27,Quarterly,449,True
389,Robert Howell,28,Other,2024-10-09,2024-07-07,Yearly,399,True
390,Richard Owens,49,Male,2024-08-30,2025-02-14,Free,0,True
391,Steven Rodriguez,19,Male,2023-07-21,2024-08-18,Free,0,True
392,Jeffrey Clark,28,Other,2024-11-17,2025-05-04,Quarterly,449,True
393,Patricia Buckley,36,Male,2025-05-01,2025-01-16,Monthly,499,True
394,Bryan Anderson,32,Other,2024-02-08,2024-11-01,Quarterly,449,True
395,Richard Collins,46,Male,2025-04-02,2025-02-02,Quarterly,449,True
396,Matthew Tate,31,Female,2023-12-19,2025-04-24,Quarterly,449,True
397,Christy Perez,49,Male,2024-04-26,2024-07-17,Free,0,True
398,Ricardo Smith,40,Female,2023-11-01,2024-07-18,Monthly,499,True
399,Bryan Le,20,Other,2024-01-28,2025-05-06,Yearly,399,True
400,Kara Mahoney,34,Other,2025-01-29,2024-07-02,Quarterly,449,True
401,Daniel Carey,34,Male,2024-06-05,2024-08-04,Monthly,499,True
402,Mark Mcdonald,26,Female,2025-01-12,2025-04-03,Monthly,499,True
403,Brianna Webb,42,Other,2024-09-18,2025-01-28,Monthly,499,True
404,Joanna Taylor,19,Other,2024-09-14,2025-01-22,Quarterly,449,True
405,David Harris,45,Female,2024-11-25,2025-05-23,Quarterly,449,False
406,Andrea Jackson,27,Male,2025-01-08,2024-06-25,Quarterly,449,True
407,Philip Schultz,50,Male,2023-10-26,2024-09-30,Monthly,499,True
408,Anthony Diaz,53,Male,2024-07-29,2024-08-12,Free,0,True
409,Nicole Patterson,26,Other,2023-11-25,2024-10-26,Monthly,499,True
410,Martin Brown,43,Other,2025-01-08,2025-05-27,Monthly,499,False
411,Sheila Gray,53,Other,2023-07-26,2024-12-31,Quarterly,449,True
412,Glenn Vargas,52,Other,2024-06-06,2024-08-23,Quarterly,449,True
413,Rachel Lee,38,Male,2025-04-14,2025-05-15,Yearly,399,True
414,Albert Massey,35,Female,2025-03-02,2024-09-06,Monthly,499,True
415,Maria Salas,29,Male,2025-03-07,2025-04-25,Monthly,499,True
416,Casey Merritt,33,Other,2025-02-02,2025-04-08,Yearly,399,True
417,Zachary Lam,50,Male,2024-09-20,2025-01-16,Quarterly,449,True
418,Jeremiah Rocha,38,Other,2024-08-16,2025-06-16,Monthly,499,False
419,Alexis Butler,26,Male,2024-03-08,2024-10-11,Quarterly,449,True
420,Bryan Blevins,51,Female,2024-10-29,2025-04-25,Monthly,499,True
421,Penny Burgess,44,Female,2023-10-10,2024-12-18,Quarterly,449,True
422,Kim Jefferson,23,Other,2023-10-27,2025-01-30,Yearly,399,True
423,Lindsay Moore,29,Other,2023-06-25,2024-08-25,Quarterly,449,True
424,Andre Flores,41,Other,2023-06-20,2025-04-29,Free,0,True
425,Dawn Figueroa,21,Female,2024-11-12,2025-03-31,Free,0,True
426,Michael Ferguson,32,Male,2023-09-15,2025-05-16,Yearly,399,True
427,Nancy Morris,26,Male,2023-12-25,2024-10-09,Quarterly,449,True
428,Kimberly Roberts,20,Female,2024-06-24,2024-12-19,Monthly,499,True
429,Michelle Howard,31,Female,2024-10-10,2025-01-11,Quarterly,449,True
430,Tammy Smith,42,Male,2025-02-07,2025-01-24,Yearly,399,True
431,Jean Brown,55,Female,2024-03-03,2024-08-23,Monthly,499,True
432,Tracy Montes,34,Other,2024-12-16,2025-02-28,Yearly,399,True
433,Mckenzie Pearson,39,Other,2023-06-30,2025-06-09,Monthly,499,False
434,Angelica Shannon,52,Other,2024-04-27,2024-06-21,Quarterly,449,True
435,Zachary Bates,26,Male,2024-03-06,2025-02-20,Monthly,499,True
436,Kelli Valdez,41,Male,2024-01-04,2024-12-02,Monthly,499,True
437,Ashley Lopez,36,Male,2024-11-02,2024-11-12,Monthly,499,True
438,Jeremy Young,50,Other,2023-09-20,2025-01-17,Monthly,499,True
439,Darlene Gutierrez,24,Male,2023-09-07,2025-04-11,Monthly,499,True
440,Alexis Taylor,40,Female,2025-04-19,2024-08-24,Monthly,499,True
441,Andrea Scott,23,Male,2025-05-20,2024-11-15,Monthly,499,True
442,Dennis Williams,31,Female,2024-03-11,2025-03-26,Free,0,True
443,Meredith Johnson,38,Other,2025-05-08,2024-06-26,Yearly,399,True
444,Jacqueline Bowman,44,Male,2025-04-14,2024-07-18,Monthly,499,True
445,Susan Reese,23,Female,2024-07-19,2024-09-27,Quarterly,449,True
446,Tracy Hamilton,32,Male,2024-11-02,2025-04-28,Free,0,True
447,George Palmer,33,Other,2024-03-27,2025-03-20,Monthly,499,True
448,Wendy Thompson,45,Male,2024-04-30,2024-08-07,Free,0,True
449,Dr. Christopher May,50,Female,2023-08-04,2024-11-24,Free,0,True
450,Anthony Cook,24,Male,2023-12-12,2025-03-11,Monthly,499,True
451,Jeffrey Frank,30,Other,2024-09-29,2025-04-30,Monthly,499,True
452,William Wade,51,Male,2025-02-17,2024-11-24,Quarterly,449,True
453,Paula Arnold,22,Female,2024-10-17,2024-09-02,Monthly,499,True
454,Carolyn Brown,25,Other,2024-12-24,2025-06-08,Free,0,False
455,Alexandria Martinez,39,Female,2023-11-01,2024-11-22,Monthly,499,True
456,Andrea Ward,55,Male,2025-01-25,2024-08-26,Monthly,499,True
457,Lisa Nguyen,30,Male,2024-06-30,2025-05-29,Quarterly,449,False
458,Caitlyn Anderson,51,Female,2024-07-30,2025-06-17,Quarterly,449,False
459,Amy Collins,51,Other,2025-02-14,2025-03-01,Monthly,499,True
460,Kimberly Vargas,44,Male,2024-11-08,2024-09-25,Monthly,499,True
461,Johnathan Snyder,45,Male,2023-07-10,2025-03-26,Quarterly,449,True
462,James Rodriguez,33,Male,2024-07-10,2024-09-06,Free,0,True
463,Susan Collins,49,Female,2024-09-10,2024-08-18,Quarterly,449,True
464,Austin Taylor,43,Male,2024-11-15,2024-11-07,Free,0,True
465,Roberto Garcia,21,Female,2024-10-24,2025-02-20,Monthly,499,True
466,Sean Weiss,45,Male,2024-12-14,2025-05-17,Monthly,499,True
467,Sherry Ray,20,Other,2023-10-17,2024-08-12,Free,0,True
468,Courtney Morse,45,Female,2025-03-31,2025-01-24,Free,0,True
469,Roger Harvey,27,Male,2023-11-13,2024-11-27,Quarterly,449,True
470,Melanie Stokes,39,Male,2024-11-04,2024-06-30,Quarterly,449,True
471,Natalie Scott,55,Other,2025-06-12,2024-11-12,Monthly,499,True
472,Courtney Rose,42,Other,2024-11-13,2025-02-24,Quarterly,449,True
473,Dakota Alvarez,29,Male,2024-03-18,2024-10-07,Monthly,499,True
474,Stephanie Wilson,34,Male,2024-10-06,2025-04-29,Quarterly,449,True
475,Kyle Anderson,45,Female,2024-04-27,2025-05-14,Monthly,499,True
476,Elizabeth Willis,31,Male,2025-01-20,2025-04-20,Quarterly,449,True
477,Patrick Anderson,44,Other,2024-03-09,2024-09-15,Quarterly,449,True
478,Heidi Barnes,49,Female,2023-12-14,2025-01-07,Monthly,499,True
479,Katie Cabrera,34,Other,2024-06-23,2024-08-26,Monthly,499,True
480,Christopher Johnson,32,Male,2024-12-25,2025-06-02,Quarterly,449,False
481,Rachel Mosley,23,Male,2025-03-18,2024-08-01,Monthly,499,True
482,Victor Mora,45,Male,2024-04-07,2024-08-14,Free,0,True
483,Amanda Jones,31,Other,2023-07-21,2025-04-20,Monthly,499,True
484,Victoria Anderson,20,Other,2025-05-10,2024-11-02,Monthly,499,True
485,Lori Chambers MD,18,Female,2025-04-23,2025-04-14,Free,0,True
486,Lori Holland,18,Male,2025-05-02,2025-01-11,Monthly,499,True
487,Gregory Shepherd,28,Other,2024-07-21,2024-06-29,Quarterly,449,True
488,Samantha Griffin,37,Other,2024-11-11,2024-11-19,Monthly,499,True
489,Thomas Ward,29,Male,2024-05-16,2025-02-18,Free,0,True
490,Heidi Smith,45,Female,2023-07-11,2025-03-17,Monthly,499,True
491,Sheila Wilson,26,Other,2025-01-15,2024-10-28,Quarterly,449,True
492,Kelly Valenzuela,18,Male,2024-12-31,2025-04-27,Quarterly,449,True
493,James Williams,27,Male,2023-07-03,2024-08-06,Yearly,399,True
494,Kathleen Johnson,52,Female,2024-11-14,2024-07-11,Free,0,True
495,Linda Perry,52,Male,2024-07-31,2025-06-12,Quarterly,449,False
496,Carla Jacobs,28,Other,2025-05-16,2024-07-09,Free,0,True
497,Jeremy Taylor,42,Other,2024-12-05,2025-01-04,Yearly,399,True
498,Pamela Barnes,46,Female,2024-05-21,2024-06-18,Yearly,399,True
499,Jennifer Hughes,36,Female,2023-07-22,2025-01-31,Quarterly,449,True
500,Tammy Powell,52,Male,2025-02-18,2024-10-23,Monthly,499,True
501,Michael Wilson,52,Other,2025-04-19,2025-03-29,Free,0,True
502,Elizabeth Jones,31,Other,2025-04-08,2024-12-13,Quarterly,449,True
503,Nicole Mcbride,22,Female,2024-09-10,2025-05-01,Yearly,399,True
504,Lisa Booth,25,Female,2025-05-04,2024-07-02,Yearly,399,True
505,Jack Marquez,25,Female,2025-05-03,2025-06-14,Yearly,399,False
506,Johnathan Haynes,20,Female,2024-11-19,2024-10-13,Yearly,399,True
507,Dennis Hawkins,41,Female,2024-12-19,2025-03-03,Free,0,True
508,Jessica Shannon,25,Male,2023-11-07,2025-03-10,Monthly,499,True
509,Mark Brooks,42,Other,2024-05-23,2025-01-28,Quarterly,449,True
510,Michael Rodriguez,42,Female,2024-07-08,2024-07-05,Free,0,True
511,Phillip Crawford,55,Female,2025-06-13,2024-10-31,Monthly,499,True
512,Donald Gardner,32,Female,2024-11-17,2025-06-16,Free,0,False
513,Donna Campbell,29,Female,2024-07-20,2024-09-28,Free,0,True
514,Cheryl Strong,34,Female,2024-05-25,2025-03-06,Quarterly,449,True
515,John Barry,54,Other,2024-11-15,2025-02-08,Monthly,499,True
516,Jesse Morales,36,Female,2024-04-30,2025-05-27,Monthly,499,False
517,Patrick Huang,35,Female,2024-10-30,2024-12-26,Monthly,499,True
518,Michael Pittman,54,Other,2024-08-24,2024-08-05,Quarterly,449,True
519,Bobby Thomas,22,Male,2024-02-15,2024-08-24,Quarterly,449,True
520,Gregory Martin,26,Other,2023-08-30,2024-11-02,Quarterly,449,True
521,Barbara Wall,40,Male,2024-11-26,2024-06-20,Monthly,499,True
522,Kelly Collins,30,Other,2025-01-17,2025-06-08,Monthly,499,False
523,Molly Gomez,52,Female,2024-08-08,2024-12-18,Free,0,True
524,Laura Rodriguez,33,Female,2023-09-18,2025-03-14,Yearly,399,True
525,Debra Hobbs,42,Male,2025-06-03,2025-04-02,Free,0,True
526,Mackenzie Leblanc,39,Male,2024-04-16,2024-09-24,Yearly,399,True
527,Jeremiah Lopez,47,Female,2023-08-13,2025-06-05,Monthly,499,False
528,Jeffrey Lee,49,Female,2023-10-15,2025-02-07,Monthly,499,True
529,Jorge Johnson,31,Male,2024-07-05,2025-05-05,Free,0,True
530,Linda Mcbride,29,Male,2023-11-26,2024-11-20,Monthly,499,True
531,Isaac Washington,34,Other,2024-07-14,2024-07-02,Yearly,399,True
532,Amy Terry,43,Male,2023-06-23,2024-08-11,Monthly,499,True
533,Dr. Jason Fisher,30,Other,2023-12-04,2024-11-19,Monthly,499,True
534,Becky Wood,44,Female,2023-06-25,2025-03-10,Quarterly,449,True
535,Maria Smith,32,Other,2024-09-10,2024-08-11,Monthly,499,True
536,Timothy Boyd,37,Male,2025-02-06,2025-02-20,Yearly,399,True
537,Kimberly Thompson,25,Female,2023-10-08,2024-12-01,Yearly,399,True
538,Bryan Fitzpatrick,53,Male,2025-05-21,2024-10-30,Yearly,399,True
539,Kimberly Santos,22,Other,2024-07-24,2024-10-19,Yearly,399,True
540,Mr. Austin Smith MD,42,Female,2024-12-22,2024-10-08,Yearly,399,True
541,Edwin Reilly,51,Other,2024-02-19,2025-01-24,Quarterly,449,True
542,James West,29,Male,2024-03-12,2025-02-05,Yearly,399,True
543,Jenny Miller,50,Female,2024-07-18,2024-08-27,Monthly,499,True
544,Austin Cole,19,Female,2025-05-10,2025-04-12,Free,0,True
545,Juan Fletcher,43,Male,2024-12-30,2025-03-30,Monthly,499,True
546,Ashley Lang,26,Male,2024-02-09,2025-01-24,Monthly,499,True
547,Amy Butler,41,Female,2025-02-07,2025-03-23,Free,0,True
548,Johnathan Chandler,23,Other,2025-05-14,2025-04-03,Monthly,499,True
549,Bonnie Anderson,23,Other,2024-03-31,2024-09-22,Monthly,499,True
550,Amy Schmidt,35,Female,2024-08-31,2025-02-03,Quarterly,449,True
551,Natalie Green,24,Other,2024-09-16,2024-08-21,Monthly,499,True
552,Caitlin Henderson,45,Other,2023-08-21,2024-11-30,Monthly,499,True
553,Robert Schmidt,20,Other,2024-01-08,2025-05-03,Yearly,399,True
554,Brandon Shaw,36,Female,2024-07-31,2024-09-21,Free,0,True
555,Alexander Kaufman,50,Female,2023-12-19,2024-10-16,Free,0,True
556,Wesley Evans,23,Other,2025-06-06,2025-05-27,Quarterly,449,False
557,Brian Wu,27,Other,2023-10-15,2025-05-19,Quarterly,449,True
558,Warren Moreno,18,Female,2025-05-17,2024-07-14,Free,0,True
559,Theodore King,19,Other,2024-09-04,2025-02-25,Monthly,499,True
560,Susan Thompson,28,Male,2023-08-05,2025-04-03,Quarterly,449,True
561,Patricia Santos,23,Male,2023-12-16,2024-06-24,Monthly,499,True
562,Anita Cox,18,Female,2023-09-17,2025-05-24,Yearly,399,False
563,Tonya Fisher,42,Female,2024-04-23,2025-01-23,Monthly,499,True
564,Matthew Horton,44,Other,2024-02-15,2024-10-06,Monthly,499,True
565,Jasmine Thomas,52,Female,2024-02-14,2025-01-27,Monthly,499,True
566,Juan Schneider,55,Female,2023-11-18,2025-03-08,Monthly,499,True
567,Michelle Castro,29,Other,2024-05-11,2025-02-28,Monthly,499,True
568,John Macdonald,46,Other,2024-03-21,2024-10-25,Quarterly,449,True
569,Robert Lane,33,Male,2024-04-04,2024-08-17,Yearly,399,True
570,Madison Smith,26,Male,2023-12-09,2024-10-23,Free,0,True
571,Ashlee Hubbard,55,Female,2024-08-29,2024-06-21,Monthly,499,True
572,Jessica Brennan,44,Female,2023-10-09,2025-05-15,Yearly,399,True
573,Tracey Arnold,55,Male,2024-01-01,2024-11-28,Free,0,True
574,Lori Pace,23,Female,2025-04-10,2025-02-22,Yearly,399,True
575,James Pace,23,Other,2023-10-06,2025-03-13,Quarterly,449,True
576,Jonathan Gregory,50,Other,2024-11-25,2024-09-18,Yearly,399,True
577,David Scott,34,Other,2023-06-21,2024-08-11,Free,0,True
578,Mrs. Lacey Young MD,52,Female,2023-08-14,2024-09-10,Quarterly,449,True
579,Lisa Villegas,48,Female,2024-06-04,2024-06-29,Free,0,True
580,Tamara Martinez,18,Female,2024-10-22,2024-12-04,Monthly,499,True
581,Jeffrey Lopez,45,Female,2024-06-10,2024-11-24,Free,0,True
582,Doris Williams,27,Female,2023-10-24,2025-04-26,Free,0,True
583,Garrett Davis,43,Male,2024-03-15,2025-05-02,Monthly,499,True
584,Susan Smith,41,Female,2023-08-10,2024-06-27,Free,0,True
585,Laurie Rodriguez,20,Male,2024-09-08,2024-06-17,Free,0,True
586,Bryan Miller,50,Male,2025-03-02,2025-02-27,Free,0,True
587,Charles George,19,Male,2024-09-10,2025-05-05,Free,0,True
588,Charles Suarez,27,Other,2024-01-07,2025-04-10,Free,0,True
589,Brian Becker,36,Male,2024-11-24,2025-04-02,Quarterly,449,True
590,Melissa Carey,23,Other,2023-12-18,2024-11-16,Quarterly,449,True
591,Arthur Bush,33,Male,2024-02-17,2025-03-25,Quarterly,449,True
592,Vanessa Giles,37,Female,2024-02-21,2025-02-14,Free,0,True
593,Jennifer Rogers,54,Other,2025-05-06,2024-07-01,Monthly,499,True
594,Melissa Edwards,48,Male,2024-11-11,2025-02-16,Monthly,499,True
595,Matthew Howard,43,Male,2024-09-04,2025-05-15,Free,0,True
596,Johnny Gutierrez,23,Other,2025-05-02,2025-03-28,Monthly,499,True
597,Peter Henry,31,Other,2025-01-12,2025-02-15,Monthly,499,True
598,Deborah Hall,37,Male,2024-12-23,2025-05-23,Free,0,False
599,Kevin Patterson,30,Other,2024-11-27,2025-02-24,Quarterly,449,True
600,John Sullivan,46,Male,2024-07-09,2025-02-20,Quarterly,449,True
601,Melissa Davis,47,Other,2024-12-15,2024-08-19,Quarterly,449,True
602,James Durham,38,Female,2025-03-04,2024-12-20,Quarterly,449,True
603,Angela Snow,21,Male,2025-01-10,2024-12-28,Free,0,True
604,Gregory Wiggins,50,Male,2025-03-01,2024-10-27,Monthly,499,True
605,Marcus Howard,37,Female,2025-05-11,2024-11-11,Monthly,499,True
606,Mrs. Ashley Rivera MD,20,Other,2023-10-14,2024-12-23,Yearly,399,True
607,Joy Brooks,23,Other,2024-10-20,2025-01-23,Monthly,499,True
608,Andrea Duran,40,Female,2025-06-15,2024-11-03,Monthly,499,True
609,Rebecca Mitchell,47,Other,2023-09-20,2024-11-19,Quarterly,449,True
610,Kyle Foster,26,Male,2023-11-06,2025-04-24,Quarterly,449,True
611,Christopher Baker,39,Female,2024-12-08,2024-11-24,Free,0,True
612,Kelly Jackson,44,Female,2025-03-27,2024-12-21,Free,0,True
613,Jessica Collins,19,Female,2024-02-20,2025-04-26,Monthly,499,True
614,Brad Lara,30,Female,2024-03-29,2024-12-27,Monthly,499,True
615,Kyle Adams,37,Female,2024-08-19,2024-11-26,Monthly,499,True
616,Sean Bradshaw,42,Other,2025-02-26,2024-07-04,Free,0,True
617,Michael Shelton,49,Male,2025-06-04,2024-08-20,Free,0,True
618,Alice Burgess,27,Male,2024-05-17,2024-12-02,Free,0,True
619,Kristin Romero,53,Other,2024-04-18,2025-04-16,Quarterly,449,True
620,Rachel Petty,36,Other,2023-06-25,2025-01-26,Quarterly,449,True
621,William Li,32,Female,2024-10-09,2025-01-13,Yearly,399,True
622,Antonio Reeves,50,Other,2023-08-30,2025-05-15,Monthly,499,True
623,Nicole Abbott,26,Male,2023-08-12,2024-09-06,Monthly,499,True
624,Keith Riley,36,Other,2024-08-01,2024-09-30,Monthly,499,True
625,Emily Hansen,41,Male,2025-02-23,2024-08-30,Yearly,399,True
626,James Santos,30,Male,2024-06-25,2024-09-23,Quarterly,449,True
627,Kenneth Smith,21,Male,2024-06-03,2025-03-23,Yearly,399,True
628,Jessica Flores,27,Female,2024-06-06,2024-12-02,Quarterly,449,True
629,Ronald Miller,28,Other,2025-03-16,2024-07-08,Free,0,True
630,Julie Estrada,29,Other,2024-10-18,2024-11-18,Monthly,499,True
631,Leonard Powell,18,Other,2024-09-08,2024-08-16,Monthly,499,True
632,Mark Johnson,54,Other,2024-07-30,2024-08-07,Yearly,399,True
633,Anthony Calderon,50,Other,2023-09-04,2025-02-03,Monthly,499,True
634,Blake Mcneil,24,Other,2023-12-09,2025-02-22,Free,0,True
635,Timothy Moore,28,Female,2023-08-18,2024-11-07,Monthly,499,True
636,Jerry Morgan,49,Female,2025-02-08,2025-04-10,Yearly,399,True
637,Tracy Miller,19,Other,2025-06-09,2024-07-24,Yearly,399,True
638,Brian Webb,47,Female,2024-06-08,2024-10-06,Quarterly,449,True
639,Maria Garner,40,Other,2024-04-25,2024-06-20,Monthly,499,True
640,Michael Palmer,22,Male,2024-05-05,2024-08-18,Quarterly,449,True
641,Gina Martin,34,Male,2024-02-12,2024-06-17,Free,0,True
642,Todd Lopez,18,Other,2023-11-02,2024-06-19,Free,0,True
643,Marissa Edwards,25,Male,2023-07-28,2025-02-12,Monthly,499,True
644,Mark Ward,36,Other,2025-05-03,2025-01-04,Yearly,399,True
645,Destiny Doyle,38,Other,2024-11-17,2025-05-18,Monthly,499,True
646,Katherine Lopez,40,Female,2024-03-15,2024-08-27,Free,0,True
647,Cameron Walsh,28,Other,2025-01-18,2025-01-29,Monthly,499,True
648,Louis Ochoa,24,Other,2023-09-24,2024-11-29,Yearly,399,True
649,Annette Sanford,22,Male,2024-12-23,2025-05-19,Quarterly,449,True
650,Daniel Johnson,33,Female,2024-05-31,2025-05-22,Free,0,False
651,David Young,51,Male,2023-10-28,2025-06-15,Monthly,499,False
652,Mary Herrera,50,Other,2025-05-15,2024-09-01,Yearly,399,True
653,Timothy Sanchez,48,Female,2024-08-22,2024-12-18,Free,0,True
654,Erin Sullivan,32,Other,2024-06-03,2024-09-05,Free,0,True
655,Paul Lopez,18,Other,2025-06-11,2024-12-13,Yearly,399,True
656,Carly Hull,23,Other,2023-09-26,2025-04-27,Monthly,499,True
657,Jennifer Jones,51,Male,2024-11-10,2025-02-18,Quarterly,449,True
658,David Perez,49,Other,2025-06-02,2025-01-10,Quarterly,449,True
659,Jason Cooper,21,Other,2023-07-21,2024-10-26,Quarterly,449,True
660,Carlos Booth,40,Female,2024-12-17,2025-01-02,Yearly,399,True
661,Kevin Huber,31,Female,2023-12-04,2025-06-16,Quarterly,449,False
662,Nathan Flores MD,52,Male,2024-05-18,2024-07-16,Monthly,499,True
663,Mr. Matthew Anthony III,22,Female,2023-10-13,2024-07-11,Yearly,399,True
664,Douglas Shah,47,Female,2024-01-31,2025-02-10,Quarterly,449,True
665,Diane Smith,51,Female,2023-09-18,2025-01-24,Quarterly,449,True
666,Theodore Shaw,21,Female,2024-05-09,2024-10-27,Monthly,499,True
667,Dr. Brittany Warren DVM,44,Other,2025-02-03,2024-11-14,Quarterly,449,True
668,Jessica Neal,38,Male,2023-11-07,2025-01-24,Quarterly,449,True
669,Karl Lawson,38,Female,2023-10-13,2024-07-05,Monthly,499,True
670,Jacob Bautista,40,Other,2025-03-31,2025-04-15,Free,0,True
671,Timothy Alvarez,39,Other,2024-01-06,2024-07-02,Free,0,True
672,Gary Coleman,39,Male,2024-06-19,2024-11-26,Monthly,499,True
673,Thomas Marshall,24,Female,2024-04-16,2025-02-17,Monthly,499,True
674,Lindsey Moses,37,Female,2025-05-12,2025-02-14,Monthly,499,True
675,David Williams,26,Male,2024-12-07,2025-03-27,Free,0,True
676,Lisa Wilson,21,Male,2024-08-18,2024-09-21,Yearly,399,True
677,Mario Mata,18,Other,2024-02-18,2024-08-13,Free,0,True
678,Erin Gross,33,Male,2023-09-18,2025-06-03,Monthly,499,False
679,Jacob Hoffman,23,Male,2023-06-26,2024-10-23,Monthly,499,True
680,Andrew Ward,31,Other,2024-04-01,2024-07-24,Monthly,499,True
681,Michael Conway,34,Male,2023-06-20,2024-12-30,Quarterly,449,True
682,Zachary Drake,35,Male,2023-09-02,2025-02-24,Monthly,499,True
683,Theresa Boyer,54,Male,2024-09-21,2025-01-29,Yearly,399,True
684,Darrell Barton,47,Male,2023-12-11,2024-10-01,Free,0,True
685,Kathryn Higgins,27,Male,2024-02-10,2024-11-26,Free,0,True
686,Sarah Taylor,45,Male,2023-10-06,2025-02-15,Monthly,499,True
687,Haley Powell,29,Male,2023-07-18,2025-03-03,Monthly,499,True
688,Robert Meyers,18,Other,2024-04-13,2025-05-23,Free,0,False
689,Katie King,45,Female,2024-02-28,2024-10-27,Monthly,499,True
690,Charles Lewis,54,Male,2023-09-18,2025-01-30,Free,0,True
691,Jason Shepherd,38,Male,2024-10-21,2025-01-19,Free,0,True
692,Michael Ward,43,Male,2024-09-29,2025-04-25,Yearly,399,True
693,Heidi Brown,44,Other,2023-09-06,2024-07-16,Quarterly,449,True
694,Teresa Evans,52,Other,2025-05-30,2024-10-27,Free,0,True
695,Marissa Haney,32,Male,2024-06-02,2024-10-12,Monthly,499,True
696,Jennifer Young,19,Other,2024-04-01,2024-11-17,Quarterly,449,True
697,Sierra Green,24,Male,2025-03-27,2024-08-06,Monthly,499,True
698,Michael Mason,48,Male,2025-06-05,2024-11-16,Quarterly,449,True
699,Nathan Mccann,44,Male,2025-03-01,2024-12-18,Yearly,399,True
700,Michael Huynh,19,Male,2024-02-28,2025-04-18,Quarterly,449,True
701,Robert Bates,38,Other,2024-09-13,2024-09-16,Free,0,True
702,Amanda Reed,34,Male,2024-03-24,2025-04-13,Free,0,True
703,Tyler Walls,30,Other,2023-10-30,2025-06-11,Monthly,499,False
704,Dylan Walton,41,Female,2024-02-21,2025-03-17,Monthly,499,True
705,Lindsay Turner,48,Female,2025-04-22,2025-05-22,Free,0,False
706,Valerie Murphy,39,Male,2024-01-20,2024-10-08,Quarterly,449,True
707,Caitlin Vincent,23,Other,2024-03-07,2024-07-19,Monthly,499,True
708,Todd Carr,25,Female,2024-07-06,2024-09-14,Yearly,399,True
709,Stephen Waller,43,Male,2024-10-16,2024-12-08,Quarterly,449,True
710,Katherine Mcclure,33,Male,2023-08-25,2025-02-01,Quarterly,449,True
711,Jason Townsend,42,Male,2023-10-24,2025-04-11,Quarterly,449,True
712,Louis Phillips,53,Male,2024-09-25,2025-05-07,Quarterly,449,True
713,Denise Bell,51,Other,2025-02-11,2025-01-29,Monthly,499,True
714,Jennifer Santos,22,Female,2024-11-10,2025-06-09,Monthly,499,False
715,Dawn Dorsey,53,Male,2024-04-10,2024-12-07,Monthly,499,True
716,Joseph Cannon,44,Female,2024-06-25,2025-02-17,Yearly,399,True
717,Sara Sullivan,44,Other,2024-08-15,2024-08-11,Monthly,499,True
718,Tracy Holmes,31,Female,2023-12-25,2024-10-24,Free,0,True
719,Kayla Martin,42,Female,2023-08-09,2025-05-21,Free,0,False
720,Heather Johnson,34,Other,2024-09-12,2025-05-12,Quarterly,449,True
721,Paul Rogers,29,Other,2024-04-20,2025-03-31,Yearly,399,True
722,Lisa Burnett,36,Male,2024-10-15,2025-05-07,Quarterly,449,True
723,Jill Newton,31,Female,2024-03-02,2025-04-14,Monthly,499,True
724,Carol Wilkinson,24,Other,2024-10-21,2024-08-06,Free,0,True
725,Jacob Hinton,38,Other,2025-01-08,2024-10-25,Monthly,499,True
726,Michelle Green,42,Other,2025-03-16,2024-10-10,Monthly,499,True
727,Christopher Wright,51,Male,2023-10-15,2024-09-14,Monthly,499,True
728,Savannah Perkins,47,Male,2024-06-27,2025-05-30,Free,0,False
729,Jessica Williams,43,Male,2024-07-01,2025-01-08,Free,0,True
730,John Taylor,43,Other,2023-08-26,2025-02-17,Quarterly,449,True
731,Chelsea Cook,40,Other,2025-04-09,2024-08-07,Monthly,499,True
732,Joshua Casey,43,Male,2023-09-16,2024-12-25,Free,0,True
733,Kelly Floyd,25,Other,2024-09-17,2025-01-18,Quarterly,449,True
734,Richard Porter MD,26,Other,2024-10-09,2025-05-29,Monthly,499,False
735,Ashley Oneal,41,Other,2024-10-18,2024-07-11,Free,0,True
736,Amy Jensen,44,Other,2024-08-01,2025-04-13,Yearly,399,True
737,Nicole Chase,46,Female,2025-06-14,2025-05-21,Monthly,499,False
738,Elizabeth Maldonado,22,Other,2023-12-18,2025-01-28,Quarterly,449,True
739,Randy Moreno,31,Female,2024-08-31,2024-08-20,Quarterly,449,True
740,Crystal Gaines,30,Female,2025-02-19,2025-04-05,Yearly,399,True
741,Courtney Garcia,40,Female,2023-10-20,2024-09-25,Free,0,True
742,Michael Brown,46,Other,2025-04-15,2025-03-27,Monthly,499,True
743,Zachary Anderson,29,Other,2025-01-04,2025-05-16,Free,0,True
744,Jeremiah Webb,55,Female,2025-04-05,2024-11-26,Yearly,399,True
745,Angela Cordova,55,Other,2024-03-09,2024-09-22,Quarterly,449,True
746,Frank Davis,55,Male,2023-06-24,2024-07-05,Monthly,499,True
747,Jeanne Gonzales,54,Female,2025-03-05,2025-03-12,Monthly,499,True
748,Jonathan Allen,35,Other,2024-05-26,2025-03-01,Monthly,499,True
749,Annette Gilbert,34,Other,2024-10-17,2024-12-08,Free,0,True
750,Javier Ryan,22,Female,2023-08-12,2025-04-14,Monthly,499,True
751,Dawn White,48,Other,2024-12-16,2024-10-28,Quarterly,449,True
752,Mary Hansen,30,Female,2023-11-12,2024-06-19,Quarterly,449,True
753,Monica Frank,36,Female,2023-12-13,2024-10-09,Yearly,399,True
754,Michael Rodriguez,26,Male,2023-12-09,2024-06-24,Monthly,499,True
755,Jessica Thomas,43,Male,2023-11-17,2025-06-15,Monthly,499,False
756,Jason Zimmerman,38,Male,2023-07-09,2024-10-22,Quarterly,449,True
757,Julia Delgado,34,Male,2023-08-18,2025-03-04,Quarterly,449,True
758,Brittany Rosales,33,Male,2024-09-04,2024-07-13,Quarterly,449,True
759,Ms. Jennifer Reynolds,37,Female,2024-06-29,2024-07-25,Monthly,499,True
760,Patricia Shelton,22,Female,2024-04-03,2025-02-04,Monthly,499,True
761,Alexis Hernandez,27,Male,2025-01-13,2024-11-19,Quarterly,449,True
762,Robert Carr,30,Male,2024-01-25,2024-07-04,Free,0,True
763,Craig Parker,30,Female,2024-02-28,2024-09-14,Quarterly,449,True
764,Gregory Lee,40,Female,2025-02-20,2024-08-15,Yearly,399,True
765,Anita Hale,39,Male,2024-08-01,2024-06-29,Quarterly,449,True
766,Andrea Burke,35,Male,2023-10-15,2025-03-06,Monthly,499,True
767,Dr. Lisa Martin MD,20,Female,2023-06-29,2024-07-09,Free,0,True
768,Jordan Bates,48,Female,2023-07-20,2024-08-18,Free,0,True
769,Jeffery Gallagher,34,Other,2025-04-25,2025-01-30,Yearly,399,True
770,Matthew Barber,28,Female,2025-02-28,2025-04-02,Yearly,399,True
771,Kevin Stewart,42,Female,2024-12-16,2025-02-14,Monthly,499,True
772,Donna Williams,22,Male,2024-06-05,2024-08-21,Yearly,399,True
773,Sarah Jones,46,Female,2024-07-30,2025-02-15,Quarterly,449,True
774,Elizabeth Wells,23,Female,2023-08-01,2024-10-04,Quarterly,449,True
775,Dakota Cortez,27,Male,2024-01-21,2025-03-30,Yearly,399,True
776,Sarah Cook,27,Male,2023-12-27,2025-05-12,Free,0,True
777,Timothy Baxter,44,Female,2025-06-13,2025-06-14,Free,0,False
778,Nathan Santiago,41,Other,2025-04-15,2025-05-15,Monthly,499,True
779,Dr. Tina Smith,42,Female,2024-06-18,2024-07-15,Monthly,499,True
780,Patricia Sutton,37,Other,2024-08-04,2024-08-05,Monthly,499,True
781,Candice Weaver,41,Other,2024-03-18,2024-10-15,Monthly,499,True
782,Samuel Brown,55,Female,2023-11-18,2024-09-30,Free,0,True
783,Michael Whitney,22,Female,2025-05-07,2024-12-13,Quarterly,449,True
784,Andrew Miller,45,Male,2023-08-20,2024-11-18,Yearly,399,True
785,Dr. Jamie Johns,53,Female,2024-06-21,2024-06-29,Quarterly,449,True
786,Donna Jordan,43,Male,2024-11-17,2024-11-27,Free,0,True
787,Ashley Ibarra,38,Female,2024-01-06,2025-02-08,Monthly,499,True
788,Robert Scott,24,Other,2023-09-09,2024-11-30,Monthly,499,True
789,Brenda Adams,41,Other,2024-04-08,2025-04-15,Free,0,True
790,Sabrina Vega,52,Other,2025-03-25,2024-07-25,Free,0,True
791,Jason Holmes,40,Other,2025-05-14,2024-09-21,Monthly,499,True
792,Julie Hogan,38,Male,2024-03-05,2024-09-23,Monthly,499,True
793,Emily Middleton,38,Other,2024-11-01,2024-12-01,Monthly,499,True
794,Deanna Gonzales,47,Other,2024-09-27,2025-06-05,Yearly,399,False
795,Gabrielle Jones,42,Female,2025-03-31,2025-01-30,Quarterly,449,True
796,Amy Garcia,41,Male,2025-01-30,2025-04-14,Monthly,499,True
797,Kenneth Thompson,19,Other,2024-04-16,2025-02-07,Yearly,399,True
798,Timothy Olson,31,Male,2025-06-15,2025-05-20,Free,0,False
799,Cynthia Stevenson,18,Male,2025-02-24,2025-02-07,Monthly,499,True
800,Amanda Villanueva,25,Female,2024-10-26,2025-01-18,Quarterly,449,True
801,Kevin Thomas DDS,51,Other,2024-03-19,2024-10-09,Monthly,499,True
802,Christina Woods,43,Female,2023-08-15,2025-02-27,Yearly,399,True
803,Theresa Murphy,54,Other,2024-01-06,2024-06-24,Monthly,499,True
804,Duane Davis,28,Female,2025-02-05,2025-01-15,Monthly,499,True
805,Katherine Schwartz MD,26,Other,2024-03-24,2025-01-19,Free,0,True
806,Kimberly Alexander,46,Female,2025-05-11,2024-09-24,Free,0,True
807,Scott Smith,29,Male,2025-05-31,2024-11-30,Monthly,499,True
808,Lori Carlson,55,Female,2024-11-14,2024-12-22,Free,0,True
809,Julie Carroll,23,Female,2024-03-01,2025-06-03,Free,0,False
810,James Griffith,42,Male,2023-10-21,2025-03-10,Yearly,399,True
811,Chad Berry,51,Male,2025-02-23,2024-09-15,Quarterly,449,True
812,Nicholas Turner,36,Other,2023-09-09,2024-11-23,Monthly,499,True
813,Colin Spears,53,Other,2024-07-17,2024-09-06,Monthly,499,True
814,Vanessa Barber,29,Male,2025-01-18,2025-04-17,Monthly,499,True
815,Angela Herrera,39,Female,2024-04-23,2025-01-11,Quarterly,449,True
816,David Estes,25,Other,2025-02-25,2025-05-28,Monthly,499,False
817,Dennis Parrish,45,Female,2023-11-10,2024-11-15,Quarterly,449,True
818,Thomas Bennett,20,Male,2024-12-28,2024-12-23,Quarterly,449,True
819,James Parrish,37,Female,2023-11-25,2025-01-29,Quarterly,449,True
820,Luke Guzman,53,Other,2023-09-07,2024-11-29,Quarterly,449,True
821,Wesley Gillespie,24,Female,2023-09-02,2024-09-15,Quarterly,449,True
822,Emily Ward,32,Male,2023-11-07,2024-06-20,Monthly,499,True
823,Kayla Sanchez,19,Other,2024-01-02,2024-10-05,Quarterly,449,True
824,Sara Gray,41,Male,2024-11-04,2024-08-09,Monthly,499,True
825,Terry Conrad,30,Female,2024-11-28,2024-11-11,Monthly,499,True
826,Katherine Esparza,39,Female,2025-01-22,2025-05-21,Free,0,False
827,Alexander Oconnell Jr.,54,Female,2023-09-16,2024-07-14,Monthly,499,True
828,Diana Cortez,38,Male,2025-05-02,2025-04-27,Quarterly,449,True
829,Zoe Novak,29,Female,2024-09-04,2024-07-01,Quarterly,449,True
830,Elijah Landry,31,Other,2024-08-05,2025-06-05,Monthly,499,False
831,Lacey Barrett,18,Other,2024-03-03,2025-03-08,Quarterly,449,True
832,Stephanie Cervantes,32,Other,2024-10-06,2025-01-23,Quarterly,449,True
833,Bryan Lopez,55,Female,2025-02-07,2024-11-14,Yearly,399,True
834,Joseph Gibson,38,Male,2024-06-02,2024-08-02,Yearly,399,True
835,Brittany Johnson,24,Male,2024-04-27,2024-07-31,Free,0,True
836,Michael Bradshaw,32,Female,2025-03-28,2025-04-02,Monthly,499,True
837,Christopher Kane,18,Male,2024-09-04,2024-10-03,Monthly,499,True
838,Brandi Ortega,47,Male,2024-05-05,2025-03-11,Yearly,399,True
839,Holly Henderson,49,Male,2025-03-28,2025-01-08,Monthly,499,True
840,Mark Johnson,43,Other,2024-11-27,2024-12-24,Free,0,True
841,Virginia Farley,38,Other,2024-07-02,2025-05-28,Yearly,399,False
842,Daniel Simpson,21,Female,2023-09-14,2025-02-19,Free,0,True
843,Maria Marshall,25,Other,2024-09-10,2024-12-19,Yearly,399,True
844,James Salas,52,Male,2024-10-10,2024-07-03,Monthly,499,True
845,Gary King,41,Male,2025-05-20,2024-11-25,Yearly,399,True
846,Joseph Fletcher,47,Female,2024-04-29,2024-10-21,Quarterly,449,True
847,James Lawrence,44,Male,2024-11-26,2025-03-08,Monthly,499,True
848,Emily Morris,46,Other,2025-01-25,2025-01-13,Yearly,399,True
849,Kayla Schmidt,55,Male,2023-10-13,2025-03-17,Yearly,399,True
850,William Rice,39,Male,2024-11-12,2024-11-15,Free,0,True
851,Roger Howard,45,Other,2024-04-02,2025-05-18,Free,0,True
852,Rhonda Lester,36,Other,2024-12-18,2024-09-03,Monthly,499,True
853,Timothy Johnson,43,Male,2023-10-01,2024-06-23,Quarterly,449,True
854,Amanda Lamb,54,Female,2025-02-10,2025-03-13,Monthly,499,True
855,Donald Ayala,25,Other,2024-01-30,2024-10-16,Quarterly,449,True
856,Kimberly Miller,18,Female,2024-08-16,2025-06-05,Free,0,False
857,Jason Duke,33,Other,2023-10-14,2024-12-24,Monthly,499,True
858,Jessica Kim,39,Male,2024-02-14,2024-07-03,Quarterly,449,True
859,Joshua Henson,34,Female,2023-10-20,2024-10-17,Free,0,True
860,Lori Sims,22,Female,2023-08-03,2024-09-28,Monthly,499,True
861,Elizabeth Parks,38,Male,2023-12-31,2024-07-09,Yearly,399,True
862,Dillon Mckee,36,Female,2024-04-01,2024-10-24,Yearly,399,True
863,Jermaine Freeman,32,Female,2024-12-08,2025-01-12,Monthly,499,True
864,Cheryl Williams,35,Male,2024-04-22,2024-06-23,Free,0,True
865,Gary Krueger,43,Female,2024-09-13,2025-04-15,Free,0,True
866,Joshua Payne,54,Other,2023-09-25,2024-12-04,Quarterly,449,True
867,Larry Wheeler,35,Other,2023-07-16,2025-05-23,Quarterly,449,False
868,Jennifer Lee,52,Male,2023-09-04,2025-04-14,Monthly,499,True
869,Dylan Jenkins,51,Other,2023-12-15,2024-10-30,Monthly,499,True
870,Jessica Smith,41,Male,2024-06-07,2025-05-04,Monthly,499,True
871,Anthony Marshall,55,Other,2023-12-24,2025-05-07,Monthly,499,True
872,Jason Lopez,21,Female,2024-11-23,2025-03-23,Quarterly,449,True
873,Christopher Guzman,46,Other,2024-10-10,2025-01-27,Quarterly,449,True
874,Richard Fitzpatrick,30,Other,2024-10-04,2024-08-13,Free,0,True
875,Kyle Zimmerman,18,Other,2024-08-31,2024-08-16,Yearly,399,True
876,Alicia Hayes,43,Other,2023-08-22,2025-01-22,Quarterly,449,True
877,Amy Hall,30,Male,2023-09-13,2025-03-04,Free,0,True
878,Elizabeth Mccarty,31,Female,2024-04-28,2025-03-31,Free,0,True
879,Alex Wade,40,Other,2024-12-09,2025-05-04,Monthly,499,True
880,Isaac Dunn,40,Male,2024-04-21,2024-11-12,Monthly,499,True
881,Rita Sutton,32,Male,2025-03-27,2025-01-19,Monthly,499,True
882,Robert Morrow,37,Male,2024-05-29,2024-10-08,Monthly,499,True
883,Cynthia Foster,41,Female,2023-07-18,2025-04-21,Quarterly,449,True
884,Judy Pratt,54,Male,2025-06-02,2024-07-08,Yearly,399,True
885,Traci Taylor,25,Other,2025-06-16,2025-03-01,Monthly,499,True
886,Katherine Moses,36,Other,2023-09-01,2025-05-29,Quarterly,449,False
887,Kayla Murray,36,Other,2024-07-18,2025-01-26,Free,0,True
888,Tiffany Jimenez,54,Male,2025-05-03,2025-03-03,Free,0,True
889,Deborah Monroe,33,Other,2024-08-07,2025-01-18,Monthly,499,True
890,Douglas Baker,46,Male,2024-01-03,2024-08-08,Quarterly,449,True
891,Tyler Quinn,25,Other,2024-05-29,2024-08-09,Monthly,499,True
892,Jessica Edwards,54,Other,2023-08-02,2025-06-17,Free,0,False
893,Stacie Smith,46,Female,2024-09-25,2024-10-13,Monthly,499,True
894,Sonya Thompson,23,Other,2024-09-10,2025-04-12,Monthly,499,True
895,Alyssa Chandler,30,Male,2024-06-18,2024-10-25,Monthly,499,True
896,Stuart Luna,42,Other,2023-10-31,2024-11-13,Quarterly,449,True
897,John Cannon,38,Female,2024-04-30,2025-03-16,Quarterly,449,True
898,Michael Sims,29,Male,2024-04-25,2025-01-01,Free,0,True
899,Kaitlyn Walker,50,Male,2024-10-19,2024-06-18,Free,0,True
900,Kimberly Johnson,55,Other,2023-06-20,2025-05-18,Monthly,499,True
901,Joshua Bush,34,Male,2024-02-20,2025-03-21,Monthly,499,True
902,Jeremiah Peck,22,Male,2024-07-30,2024-06-18,Yearly,399,True
903,Teresa Jones,35,Female,2025-03-20,2024-08-01,Free,0,True
904,Andrea Jones,48,Other,2024-12-15,2025-03-17,Monthly,499,True
905,Steven Herrera,54,Male,2024-02-20,2024-12-30,Yearly,399,True
906,John Key,20,Male,2024-10-31,2025-03-09,Monthly,499,True
907,Shannon Davis,32,Male,2024-06-04,2024-07-14,Quarterly,449,True
908,Kevin Ramirez,26,Female,2024-08-28,2025-04-28,Yearly,399,True
909,Alan Martinez,52,Other,2024-02-10,2024-12-12,Monthly,499,True
910,Kelly Anderson,23,Female,2024-04-15,2024-12-29,Monthly,499,True
911,Dr. Derrick Russo,48,Female,2023-07-02,2024-11-01,Monthly,499,True
912,Angela Morris,45,Male,2023-10-26,2025-04-13,Quarterly,449,True
913,Dustin Green,32,Female,2023-08-07,2025-01-16,Free,0,True
914,Becky Robinson,24,Other,2024-11-02,2024-08-24,Monthly,499,True
915,Kevin Zavala,27,Female,2023-10-24,2025-02-27,Monthly,499,True
916,Jennifer Chung,18,Female,2023-08-30,2024-11-05,Free,0,True
917,Brandon Knight,48,Other,2023-10-31,2024-12-17,Free,0,True
918,Angela Espinoza,41,Male,2025-02-27,2024-06-17,Yearly,399,True
919,Matthew Kirk,52,Male,2025-01-04,2025-04-09,Quarterly,449,True
920,Lisa Jones,31,Other,2024-09-06,2025-03-13,Monthly,499,True
921,Tanya Little,18,Other,2024-12-15,2024-12-10,Monthly,499,True
922,Julie Mayer,50,Other,2024-12-20,2025-01-10,Monthly,499,True
923,Steven Brown,32,Male,2025-02-10,2024-09-02,Quarterly,449,True
924,Danielle Parker,51,Other,2024-01-29,2025-06-10,Quarterly,449,False
925,Joshua Wolf,52,Female,2024-05-07,2025-04-15,Monthly,499,True
926,Victoria Clayton,52,Female,2025-05-17,2025-03-18,Quarterly,449,True
927,Margaret Wright,31,Male,2024-10-31,2024-08-12,Monthly,499,True
928,Joseph Kent,20,Female,2025-02-27,2025-06-10,Monthly,499,False
929,Jared Watkins,54,Male,2024-06-29,2024-12-22,Yearly,399,True
930,Matthew Young,42,Male,2024-12-15,2024-12-18,Monthly,499,True
931,Pamela Guzman,22,Female,2023-08-21,2024-08-29,Monthly,499,True
932,Michael Gordon,23,Female,2023-10-15,2025-03-14,Yearly,399,True
933,Susan Gamble,19,Female,2023-08-02,2025-03-16,Free,0,True
934,Lisa Dunn,27,Female,2025-04-17,2025-03-22,Monthly,499,True
935,Suzanne Cruz,28,Female,2025-02-01,2025-04-04,Quarterly,449,True
936,Deborah Adams,35,Male,2024-09-05,2025-03-15,Monthly,499,True
937,Nathaniel Mitchell,23,Other,2025-02-22,2024-12-22,Quarterly,449,True
938,Carla Parker,55,Male,2023-07-28,2024-07-29,Free,0,True
939,Ashley Gallagher,46,Male,2024-09-26,2025-02-08,Yearly,399,True
940,Jacob Manning,50,Male,2024-02-26,2025-05-10,Quarterly,449,True
941,Emily Figueroa,23,Other,2023-11-18,2024-09-27,Monthly,499,True
942,Lindsey Cortez,45,Male,2025-03-09,2025-01-22,Quarterly,449,True
943,David Garcia,28,Female,2024-10-28,2024-10-19,Monthly,499,True
944,Thomas Vaughan,47,Male,2024-01-23,2024-09-26,Quarterly,449,True
945,William Nash,31,Male,2024-05-19,2024-08-15,Quarterly,449,True
946,Michael Mccarty,31,Other,2024-03-06,2025-03-12,Yearly,399,True
947,Meagan Smith,32,Male,2023-11-22,2024-08-08,Quarterly,449,True
948,Kyle Lopez,26,Male,2025-01-05,2024-10-04,Quarterly,449,True
949,Michael Moreno,49,Female,2024-05-20,2024-08-23,Yearly,399,True
950,Kimberly Williams,48,Male,2023-08-04,2025-04-19,Quarterly,449,True
951,Vicki Young,46,Male,2024-03-24,2024-07-18,Free,0,True
952,David Howe,38,Other,2025-01-02,2025-01-30,Monthly,499,True
953,Angela Garcia,48,Female,2024-10-23,2024-09-18,Monthly,499,True
954,Michelle Roberts,45,Other,2025-02-26,2024-12-17,Yearly,399,True
955,Wendy Casey,51,Male,2024-11-24,2024-11-09,Yearly,399,True
956,Justin Ramirez,21,Other,2023-09-14,2024-11-20,Quarterly,449,True
957,Jennifer Decker,32,Other,2025-01-12,2024-10-11,Monthly,499,True
958,Robert Sanchez,38,Male,2023-09-08,2025-05-12,Monthly,499,True
959,Jocelyn Mays,31,Female,2024-06-19,2025-02-23,Quarterly,449,True
960,Angela Lee,42,Male,2024-03-12,2024-12-23,Monthly,499,True
961,Caitlin Gibson,33,Female,2023-10-17,2024-07-02,Quarterly,449,True
962,Pamela Chen,33,Other,2024-10-13,2024-08-03,Monthly,499,True
963,Jordan Carpenter,45,Male,2023-10-12,2025-03-05,Free,0,True
964,Samantha Ramirez,25,Male,2025-06-12,2024-07-14,Yearly,399,True
965,William Mcmahon,29,Male,2023-11-30,2024-07-31,Quarterly,449,True
966,Vanessa Lee,41,Female,2024-03-21,2025-01-03,Monthly,499,True
967,Chase Johnson,48,Male,2025-05-09,2025-04-01,Quarterly,449,True
968,Michelle Golden,42,Female,2025-02-14,2025-06-05,Monthly,499,False
969,Jane Cordova,26,Male,2024-05-03,2024-12-20,Monthly,499,True
970,Alan Lewis,33,Male,2024-01-02,2025-03-13,Monthly,499,True
971,Michael Gill,23,Female,2025-04-28,2024-09-25,Free,0,True
972,Melanie Flores,35,Other,2025-02-19,2024-10-04,Yearly,399,True
973,Anna Graves,52,Female,2024-08-13,2024-08-14,Yearly,399,True
974,Caroline Davies,55,Female,2023-08-17,2025-03-25,Monthly,499,True
975,Mark Ramirez,30,Male,2024-01-22,2024-09-24,Monthly,499,True
976,Erin Petty,30,Male,2023-12-15,2024-12-16,Monthly,499,True
977,Theresa Powers,48,Male,2024-01-20,2025-06-12,Monthly,499,False
978,Alexis Marshall,43,Other,2024-12-29,2024-07-07,Yearly,399,True
979,William Kim,33,Other,2024-10-31,2024-08-19,Yearly,399,True
980,Kyle Robinson,42,Female,2025-01-11,2024-12-10,Free,0,True
981,Patty Neal,55,Female,2025-02-07,2025-01-04,Yearly,399,True
982,Kathleen Johnson,29,Female,2024-07-26,2024-10-17,Free,0,True
983,Christopher Caldwell,54,Male,2024-12-21,2024-09-01,Monthly,499,True
984,Sherry Davis,48,Other,2024-12-15,2024-09-19,Monthly,499,True
985,Nicole Weaver,27,Female,2024-10-20,2024-09-26,Yearly,399,True
986,Michael Hendrix,30,Female,2024-02-08,2024-12-28,Quarterly,449,True
987,Melanie Ferguson,45,Other,2025-06-06,2024-08-30,Yearly,399,True
988,Steven White,40,Male,2024-10-21,2025-02-25,Monthly,499,True
989,Matthew Wiggins,31,Other,2024-02-19,2024-08-09,Monthly,499,True
990,Donald Deleon,28,Male,2023-06-27,2025-03-25,Yearly,399,True
991,Gary Chambers,42,Other,2023-11-13,2024-09-13,Free,0,True
992,George Wang,33,Female,2025-01-20,2024-09-10,Monthly,499,True
993,Nancy Floyd,32,Male,2023-11-14,2025-05-21,Quarterly,449,False
994,Victoria Johnson,36,Other,2025-04-18,2024-07-18,Quarterly,449,True
995,Jessica West,33,Other,2024-03-23,2025-05-06,Free,0,True
996,Timothy Thompson,29,Other,2023-12-25,2024-12-29,Free,0,True
997,Kim Fleming,54,Female,2024-09-11,2025-04-10,Monthly,499,True
998,Deborah Perez,43,Female,2023-09-20,2024-08-30,Monthly,499,True
999,Mr. David Foley PhD,29,Other,2024-10-22,2024-09-25,Free,0,True
1000,James Davis,37,Other,2023-12-04,2024-12-28,Monthly,499,True
